Image-1.png,dry
Image-1.png,eyes
Image-1.png,antiaging
Image-1.png,pores
Image-2.png,dry
Image-2.png,eyes
Image-2.png,antiaging
Image-2.png,pores
Image.png,dry
Image.png,eyes
Image.png,antiaging
Image.png,pores
Image-1.png,dry
Image-1.png,eyes
Image-1.png,antiaging
Image-1.png,pores
Image-2.png,dry
Image-2.png,eyes
Image-2.png,antiaging
Image-2.png,pores
Image.png,dry
Image.png,eyes
Image.png,antiaging
Image.png,pores
KeriMulterer-Cover.docx,dry
KeriMulterer-Cover.docx,skintone
KeriMulterer-Cover.docx,eyes
KeriMulterer-Cover.docx,antiaging
Image_copy.png,dry
Image_copy.png,skintone
Image_copy.png,eyes
Image_copy.png,antiaging
KeriMulterer_statsnz_cover.pdf,dry
KeriMulterer_statsnz_cover.pdf,skintone
KeriMulterer_statsnz_cover.pdf,eyes
KeriMulterer_statsnz_cover.pdf,antiaging
KeriMulterer_BlueBirdBioCover.docx,dry
KeriMulterer_BlueBirdBioCover.docx,skintone
KeriMulterer_BlueBirdBioCover.docx,eyes
KeriMulterer_BlueBirdBioCover.docx,antiaging
Image-1.png,dry
Image-1.png,skintone
Image-1.png,eyes
Image-1.png,antiaging
Image-2.png,dry
Image-2.png,skintone
Image-2.png,eyes
Image-2.png,antiaging
Image.png,dry
Image.png,skintone
Image.png,eyes
Image.png,antiaging
Image-1.png,dry
Image-1.png,antiaging
Image-1.png,lightening
Image-1.png,sensitive
Image-2.png,dry
Image-2.png,antiaging
Image-2.png,lightening
Image-2.png,sensitive
Image.png,dry
Image.png,antiaging
Image.png,lightening
Image.png,sensitive
Image-1.png,dry
Image-1.png,sunscreen
Image-2.png,dry
Image-2.png,sunscreen
Image.png,dry
Image.png,sunscreen
Image-1.png,dry
Image-1.png,psoriasis
Image-1.png,lightening
Image-1.png,sunscreen
Image-2.png,dry
Image-2.png,psoriasis
Image-2.png,lightening
Image-2.png,sunscreen
Image.png,dry
Image.png,psoriasis
Image.png,lightening
Image.png,sunscreen
Image_copy.png,antiaging
Image_copy.png,night
Image_copy.png,sunscreen
Image-1.png,antiaging
Image-1.png,night
Image-1.png,sunscreen
Image-2.png,antiaging
Image-2.png,night
Image-2.png,sunscreen
Image.png,antiaging
Image.png,night
Image.png,sunscreen
Image_copy.png,night
Image_copy.png,oily
Image_copy.png,rosacea
Image-1.png,night
Image-1.png,oily
Image-1.png,rosacea
Image-2.png,night
Image-2.png,oily
Image-2.png,rosacea
Image.png,night
Image.png,oily
Image.png,rosacea
Image_copy.png,dry
Image_copy.png,skintone
Image-1.png,dry
Image-1.png,skintone
Image-2.png,dry
Image-2.png,skintone
Image.png,dry
Image.png,skintone
Image_copy.png,antiaging
Image_copy.png,dry
Image_copy.png,skintone
Image-1.png,antiaging
Image-1.png,dry
Image-1.png,skintone
Image-2.png,antiaging
Image-2.png,dry
Image-2.png,skintone
Image.png,antiaging
Image.png,dry
Image.png,skintone
