,0,1,2,3,4,5,6,7,8,9,10,11,12,13,14,15,16,17,18,19,20,21,22,23,24,25,26,27,28,29,30,31,32,33,34,35,36,37,38,39,40,41,42,43,44,45,46,47,48,49,50,51,52,53,54,55,56,57,58,59,60,61,62,63,asin
0,Aqua, Isopropyl Myristate, Cetearyl Alcohol, Ceteareth-20, Cetearyl Olivate, Sorbitan Olivate, Gylcerin, Hydrogenated Polyisobutene, Argan, Kernel Oil, Cyclopentasiloxane, Cyclotetrasiloxane, Dimethiconol, Evening Primrose Oil, Avocado Oil, Sodium Hyaluronate, Sodium PCA, Shea Butter, Wheat Amino Acids, Hydroxyproline, Hydrolyzed Rice Protein, Panthenol, Pea Protein, Glycine, Proline, Baobab Extract, Retinol, Tocopheryl Acetate, Xantham Gum, Phenoxyethanol, Potassium Sorbate, DMDM Hydantoin,,,,,,,,,,,,,,,,,,,,,,,,,,,,,,,,,B072MYZV4R
1,Purified Water, Organic Aloe Vera, High Oleic Safflower Oil, Herbal Extracts of Olive Leaf, Calendula, Comfrey, Chamomile, Organic Shea Butter, Avocado Oil, Behentrimonium Methosulfate, Cetearyl Alcohol, Vegetable Glycerin, Cetyl Alcohol (natural plant derived), Organic Coconut Oil, Amaranth Oil, Jojoba Oil, Phenoxyethanol, Caprylyl Glycol, Honey, MSM, Potassium Sorbate, Lavender Oil, Hexylene Glycol, Bergamot Oil, Vitamin E Mixed Tocopherols, Vitamin A Palmitate, Peppermint Oil, Frankincense Oil, Helichrysum Oil, Chamomile Oil, Vitamin C Ascorbyl Palmitate, Rosemary Extract, Sandalwood Oil, Titanium Dioxide (natural mineral sunblocker), Wheat Germ Oil,,,,,,,,,,,,,,,,,,,,,,,,,,,,,,B017MOR60S
2, Organic Aloe Leaf Juice - Organic Jojoba Oil - Coconut Oil - Hyaluronic Acid - Vitamin E - Cocoa Butter - Organic Lavender Oil - Shea Butter - Organic Pomegranate Seed Oil - Organic Hemp Seed Oil - Green Tea Leaf Extract - Algae Extract - Grape Seed Oil - Vitamin B2 - Vitamin B5 - Vitamin B12. We only use the most natural stabilizers and emulsifiers. We are Cruelty Free - Paraben Free - Sulfate Free. *Please see the box image above for a full list of ingredients.*,,,,,,,,,,,,,,,,,,,,,,,,,,,,,,,,,,,,,,,,,,,,,,,,,,,,,,,,,,,,,,,,B01L11H8W4
3, Octinoxate 7% (sunscreen) Octisalate 3% (sunscreen)Titanium dioxide 5.1% (sunscreen) Inactive Ingredients,,,,,,,,,,,,,,,,,,,,,,,,,,,,,,,,,,,,,,,,,,,,,,,,,,,,,,,,,,,,,,,,B00JZ03MVU
4, Water, Sodium Lauroamphoacetate, Glycerin, Sorbitol, Peg-200 Hydrogenated Glyceryl Palmate, Sodium Myristoyl Sarcosinate, Hydrated Silica, Acrylates Copolymer, Sodium Trideceth Sulfate, Salicylic Acid, Glycol Distearate, Citric Acid, Peg-7 Glyceryl Cocoate, Fragrance, Peg-100, Lauric Acid, Polyquaternium-10, Disodium Edta, Menthol, Bht, Methylisothiazolinone, Methylchloroisothiazolinone, Yellow 5, Red 40 Total Effects Anti-Aging Moisturizer,,,,,,,,,,,,,,,,,,,,,,,,,,,,,,,,,,,,,,,,,B01NCRYT0M
5,Avobenzone 2% (sunscreen)Homosalate 4% (sunscreen) Sunscreen Octisalate 4% (sunscreen)Octocrylene 2% (sunscreen)Inactive Ingredients,,,,,,,,,,,,,,,,,,,,,,,,,,,,,,,,,,,,,,,,,,,,,,,,,,,,,,,,,,,,,,,,B01BONYBEC
6,Organic Safflower Oil, Organic Aloe Leaf Juice, Organic Jojoba Oil, Organic Coconut Oil, Vitamin E, Vitamin A, Retinol, Zinc Oxide, Organic Hemp Seed Oil, Organic Honey, Vanilla Planifolia Extract, Organic Shea Butter, Sodium Hyaluronate (Hyaluronic Acid, Sodium Ascorbate, Panthenol (Vitamin B5), Palmitoyl Oligopeptide, Palmitoyl Tetrapeptide-7, Polysorbate 20, Helianthus Annuus (Organic Sunflower) Oil, Phenoxyethanol, Glycerin, Natural Fragrant Oil, Punica Granatum, (Organic Pomegranate) Oil.,,,,,,,,,,,,,,,,,,,,,,,,,,,,,,,,,,,,,,,,,B01M3MZ5D6
7,Aqua, hydrolyzed sesame protein, palmitoyl pentapeptide-4, (Matrixyl®), caprylic/capric triglyceride and teprenone (Renovage®), sodium polystyrene sulfonate, cellulose gum, acetyl hexapeptide-3, sodium hyaluronate, aloe barbadensis (vera) leaf juice*, matricaria recutita (chamomile) flower extract*, camellia sinensis (green tea) leaf extract*, olea europaea (olive) leaf extract*, citrus aurantium dulcis (orange) fragrance, caprylyl glycol, iodopropynyl butylcarbamate, phenoxyethanol,,,,,,,,,,,,,,,,,,,,,,,,,,,,,,,,,,,,,,,,,,,,,,,,B00NVU813Y
8, Clary Sage Oil,,,,,,,,,,,,,,,,,,,,,,,,,,,,,,,,,,,,,,,,,,,,,,,,,,,,,,,,,,,,,,,,B007Z5XYQK
9,Organic Fruit Boost Antioxidant Moisturizer is formulated to be 97% Natural / 72% Organic. For a full list of of ingredients. Please refer to our images Thank You.,,,,,,,,,,,,,,,,,,,,,,,,,,,,,,,,,,,,,,,,,,,,,,,,,,,,,,,,,,,,,,,,B018Y5EBTS
10, • Mandelic Acid,,,,,,,,,,,,,,,,,,,,,,,,,,,,,,,,,,,,,,,,,,,,,,,,,,,,,,,,,,,,,,,,B007IVCKUM
11,Water/Aqua, Vegetable Glycerin*, Avena Sativa (Oat) Kernel Extract*, Microcitrus Australasica Fruit Extract*, Terminalia Ferdinandiana (Wild Plum species) Fruit Extract*, Podocarpus Elatus Fruit (Wild Plum species) Extract*, Pleiogynium Timorense (Wild Plum species) Fruit Extract*, Lysolecithin*, Sclerotium Gum*, Xanthan Gum+, Pullulan*, Sodium Phytate*, Glyceryl Caprylate*, Sodium Levulinate+, Sodium Anisate+, Lonicera Caprifolium (Honeysuckle) Flower Extract*, Lonicera Japonica (Honeysuckle) Flower Extract*, Citric Acid*, Alcohol Denat, Natural Fragrance. * Plant-origin +Bio-active complexes from micro-organisms,,,,,,,,,,,,,,,,,,,,,,,,,,,,,,,,,,,,,,,,,,,,,B01NAN2X39
12,Glycerin, Water, Ascorbic Acid, PEG-8, Propylene Glycol, Aloe Barbadensis Leaf Juice Extract, Algae Extract, Curcumba Loriga (Tumeric) Root Extract, Citrus Aurantium Dulvis (Orange) Peel Oil, Citric Acid, Sodium Metabisulfite, Polysorbate 20, Caramel, Phenoxyethanol, Caprylyl Glycol, Hexylene Glycol, Methylisothiazolinone, Fragrance.,,,,,,,,,,,,,,,,,,,,,,,,,,,,,,,,,,,,,,,,,,,,,,,B076N4VLGJ
13,Purified Water, Isopropyl Myristate, Glycerin, Capric Caprylic Triglyceride, Stearyl Alcohol, Cetearyl Alcohol, Stearic Acid, Dimethicone, Ceteareth 20, Glyceryl Stearate, PEG-100 Stearate, Hydrolyzed Marine Collagen, Glutamylamidoethyl Indole, Hyaluronic Acid, Silanetriol, Chrondus Crispus Extract, Pullulan, Algae Extract, Butylene Glycol, Triethanolamine, Phenoxyethanol, Fragrance, Xanthan Gum, Benzoic Acid, Potassium Sorbate, Tocopherol Acetate (Vitamin E), Disodium EDTA, Polysorbate 20, Cyclopentasiloxane, Sodium Ascorbyl Phosphate (Vitamin C), Retinol Palmitate (Vitamin A Palmitate).,,,,,,,,,,,,,,,,,,,,,,,,,,,,,,,,,,B01CNE99FW
14,WATER/AQUA/EAU, TETRAHEXYLDECYL ASCORBATE, PORPHYRIDIUM POLYSACCHARIDE, CAPRYLIC/CAPRIC TRIGLYCERIDE, BUTYLENE GLYCOL, PENTYLENE GLYCOL, SODIUM ASCORBYL GLUCOSIDE, RASPBERRY KETONE GLUCOSIDE, DIMETHICONE, CETEARYL ALCOHOL, LEUCONOSTOC/RADISH ROOT FERMENT FILTRATE, CYCLOPENTASILOXANE, GLYCERIN, C14-22 ALCOHOLS, C12-20 ALKYL GLUCOSIDE, CETYL ESTERS, COCOS NUCIFERA (COCONUT) FRUIT EXTRACT, DIMETHYL ISOSORBIDE, HYDROXYPINACOLONE RETINOATE, HYDROGENATED LECITHIN, ACRYLATES/C10-30 ALKYL ACRYLATE CROSSPOLYMER, XANTHAN GUM, STEARETH-10, STEARETH-20, POLYSILICONE-11, AMINOBUTYRIC ACID, BARIUM SULFATE (CI 77120), ALLANTOIN, DISODIUM EDTA, SILICA, AMINOMETHYL PROPANOL, LECITHIN, DIGLUCOSYL GALLIC ACID, HIPPOPHAE RHAMNOIDES FRUIT EXTRACT, MALTODEXTRIN, PANAX GINSENG ROOT EXTRACT, PORTULACA OLERACEA EXTRACT, CENTELLA ASIATICA EXTRACT, DIACETYL BOLDINE, LEPIDIUM SATIVUM SPROUT EXTRACT, PLANKTON EXTRACT, POTASSIUM SORBATE, PHENOXYETHANOL, FRAGRANCE (PARFUM), MICA, TITANIUM DIOXIDE (CI 77891).,,,,,,,,,,,,,,,,,,,B01N6V1VQW
15,Organic Aloe Vera, Organic Sunflower Oil, Palm Oil, Pentylene Glycol, Phospholipids, Retinol, Polysorbate 20, Potassium Phosphate, Vitamin E, Cassia Angustifolia Seed (Hyaluronic Acid), Glyceryl Stearate, Stearic Acid, Kosher Vegetable Glycerin, Organic Jojoba Oil, Wildcrafted Green Tea, Shea Butter, Panthenol (Vitamin B5), Phenoxyethanol, Ethylhexyl Glycerin, Xanthan Gum, Citric Acid,,,,,,,,,,,,,,,,,,,,,,,,,,,,,,,,,,,,,,,,,,,,B015ORL3B8
16,Aqua/Water/Eau (Water), Glycerin, Butyrospermum Parkii (Shea Butter) Fruit (Shea butter), Cyclopentasiloxane, Steareth 21, C12 15 Alkyl Benzoate, Capric/Caprylic Stearic Triglyceride, Cyclohexasiloxane, Dimethicone, Polyacrylamide, Cetearyl Alcohol, Steareth 2, Glyceryl Stearate, PVP,,,,,,,,,,,,,,,,,,,,,,,,,,,,,,,,,,,,,,,,,,,,,,,,,,,B00WQIA22A
17,Active IngredientsAvobenzone 3% (sunscreen)Homosalate 12%( sunscreen)Octisalate 5% (sunscreen)Octocrylene 5%(sunscreen)Oxybenzone 3% (sunscreen)Inactive IngredientsWater, butylene glycol, C12-15 alkyl benzoate, tetrahydroxypropyl ethylenediamine, silica, cetearyl alcohol, cyclopentasiloxane, benzyl alcohol, dimethicone, steareth-2,glyceryl stearate, steareth-21, phenoxyethanol, citric acid, polyacrylamide, aluminum starch octenylsuccinate, cetearyl glucoside, dimethicone/vinyl dimethicone crosspolymer, fragrance, arachidyl alcohol, PEG-100 stearate, C13-14 isoparaffin, disodium EDTA, methylparaben, ethylparaben, behenyl alcohol, acrylates/C10-30 alkyl acrylate crosspolymer, propylparaben, pentaerythrityl tetra-dit-butyl hydroxyhydrocinnamate, arachidyl glucoside, laureth-7, polymethyl methacrylate, tocopheryl acetate, pantothenic acid, retinyl palmitate, ascorbic acid,,,,,,,,,,,,,,,,,,,,,,,,,,,,,B074SZ5CSR
18,100% Pure Organic Virgin Cold Pressed Tamanu Oil - 30ml,,,,,,,,,,,,,,,,,,,,,,,,,,,,,,,,,,,,,,,,,,,,,,,,,,,,,,,,,,,,,,,,B00UBI8A6C
19,Water/Aqua/Eau, Biosaccharide Gum-4, Glycerin, Propanediol, Hydroxyethylcellulose, Mica, Titanium Dioxide, Calcium Alginate, Gellan Gum, Xanthan Gum, Citric Acid, Tetrahexyldecyl Ascorbate (Vitamin C), Biosaccharide Gum-1, Vitis Vinifera (grape juice extract), Phenoxyethanol, Retinyl Palmitate (Vitamin A), DL Panthenol (Provitamin B5), Tocopheryl Acetate (Vitamin E), Yeast Extract, Orchis Mascula (Flower Extract), Simmondsia Chinensis (Jojoba Seed Extract), Sodium Hyaluronate, Spirulina Maxima Extract, Arnica (Montana Flower Extract), Camellia Sinensis (Leaf Extract), Magnesium PCA, Copper PCA, Zinc PCA, Sodium Chloride, Fragrance (Parfum).,,,,,,,,,,,,,,,,,,,,,,,,,,,,,,,,,,,B01M1L2GS1
20, ,,,,,,,,,,,,,,,,,,,,,,,,,,,,,,,,,,,,,,,,,,,,,,,,,,,,,,,,,,,,,,,,B01CASORD0
21,100% Pure Organic Virgin Cold Pressed Tamanu Oil - 30ml,,,,,,,,,,,,,,,,,,,,,,,,,,,,,,,,,,,,,,,,,,,,,,,,,,,,,,,,,,,,,,,,B06WV8XNFZ
22, Water, glycerin, propylene glycol, (Avena Sativa (Oats), Panda), (Hamamleis Virginiana (Witch Hazel, Tiger), Rhodiola Rosea, Sheep), (Centella Asiatica, Dog), hyaluronic acid, kelp sugar, hydrogenated starch hydrolysate, xanthan gum, double (hydroxymethyl) imidazolidinyl urea, iodine propiolic alcohol ammonia butyl formate, EDTA disodium, sodium hyaluronate, essence, PEG - 40 hydrogenated castor oil,,,,,,,,,,,,,,,,,,,,,,,,,,,,,,,,,,,,,,,,,,,,B073RRHGLB
23,Deionized Aqua (Water), Organic Aloe Barbadensis Leaf (Aloe), Sodium Ascorbyl Phosphate (Vitamin C), Methylsulfonylmethane (MSM), Cassia Angustifolia Seed Polysaccharide (Plant Based Hyaluronic Acid), Hamamelis Virginiana (Witch Hazel), d-Alpha Tocopheryl Acetate (Vitamin E), Carbomer, Arginine, Ferulic Acid, Kosher Vegetable Glycerin, Organic Simmondsia Chinensis (Jojoba Oil), Phenoxyethanol, Ethyl Hexyl Glycerin, Organic Centella Asiatica (Gotu Kola Extract), Organic Equisetum Arvense (Horsetail Plant Extract), Organic Pelagonium Gravoleons (Geranium Extract), Organic Taraxacum Officinale (Dandelion Extract),,,,,,,,,,,,,,,,,,,,,,,,,,,,,,,,,,,,,,,,,,,,,,,B01BZBT8DW
24,Aloe Barbadensis Gel- Organic, Terminalia Ferdinandiana (Kakadu Plum) Fruit Extract, Emulsifying Wax, Caprylic/Capric Triglyceride, Organic Glycerine, Organic Theobroma Cacao (Cocoa) Seed Butter, Organic Cocos Nucifera (Coconut) Oil, Simmondsia Chinesis (Jojoba) Oil-Organic, Persea Gratissima (Avocado) Oil-Organic, Retinyl Palmitate (Vitamin A) Manihot Esculenia (Tapioca) Starch, Carbomer, Sodium Hydroxide, Titanium Dioxide, Phenoxyethanol.,,,,,,,,,,,,,,,,,,,,,,,,,,,,,,,,,,,,,,,,,,,,,,,,,,,B075Q5Z43W
25,Water, **Rose Damascena (Rose) Flower Distillate, Glycerin, Sodium Levulinate (Corn Derived), Sodium Anisate (Basil Derived), Sodium Hyaluronate (Hyaluronic Acid), Biosaccharide Gum-1 (Polysaccharide), ***Glycosyl Trehalose and Hydrogenated Starch Hydrolysate (Corn and Topioca Starch Derived), Panthenol (Vitamin B5), Xanthan Gum, *Leontopodium Alpinum Extract and Citric Acid and Sodium Benzoate (Edelweiss Extract), Epilobium Fleischeri Extract and Potassium Sorbate (Alpine Willowherb Extract), Palmitoyl Tripeptide-5, Disodium EDTA, Hydroxyethyl Ethylcellulose. | * Certified organic by ECOCERT, COSMOS, and NATRUE (EU organic verification bodies) ** Certified organic flower water by Balkan Biocert (EU organic verification body, USDA organic equiIvalence) *** Listed natural ingredient by ECOCERT ( EU organic verification body),,,,,,,,,,,,,,,,,,,,,,,,,,,,,,,,,,,,,,,,,,,,,,,B01L1P831U
26,Aqua/Water/Eau (Water), Glycerin, Butyrospermum Parkii (Shea Butter) Fruit (Shea butter), Cyclopentasiloxane, Steareth 21, C12 15 Alkyl Benzoate, Capric/Caprylic Stearic Triglyceride, Cyclohexasiloxane, Dimethicone, Polyacrylamide, Cetearyl Alcohol, Steareth 2, Glyceryl Stearate, PVP,,,,,,,,,,,,,,,,,,,,,,,,,,,,,,,,,,,,,,,,,,,,,,,,,,,B008WA2K9O
27, Avobenzone 3%, Octinoxate 7.5%. Inactive,,,,,,,,,,,,,,,,,,,,,,,,,,,,,,,,,,,,,,,,,,,,,,,,,,,,,,,,,,,,,,,B00387F426
28,Organic juices of pyrus malus (organic apple juice)*, vitis vinifera (organic white grape juice)*, punica granatum (organic pomegranate juice)*, aloe barbadensis (organic aloe juice)*, vegetable glycerin, simmondsia chinensis (organic jojoba seed)*, Vitamin A, sesamum indicum (organic sesame seed)*, cetearyl alcohol, cetearyl glucoside, hydroxypropyl starch phosphate, persea gratissima (avocado), citrus aurantifolia (lime), caprylyl glycol, capryl hydroxamic acid, ethylhexyl (octyl) palmitate, xanthan gum, organic botanical extracts of cucumis sativus (organic cucumber extract)*, salvia officinalis (organic sage leaf extract)*, Vitamin E, taraxacum officinale (dandelion leaf extract), melissa officinalis (lemon balm leaf extract), algae extract, panthenol (Vitamin B5), ascorbyl palmitate (Vitamin C), sodium PCA, tetrasodium glutamate diacetate, sodium hyaluronate (vegetable hyaluronic acid), sodium hydroxide, citrus aurantium (sweet neroli) and cinnamomum camphora (ho wood) pure essential aromas, Organic Witch Hazel, Organic grape seed extract, Organic Red Wine Polyphenols,,,,,,,,,,,,,,,,,,,,,,,,,,,,,,,,B01C8COKI0
29,Aqua, Aloe Barbadensis Leaf Extract, Isopropyl Myristate, Propylene Glycol, Sodium Silicate, Magnesium Aluminum Silicate, Hydroxyethylcellulose, Soluble Collagen, Serica Powder, Cucumis Sativus Extract, Retinyl Palmitate, Tocopheryl Acetate, Ascorbic Acid, Butylene Glycol, Sodium Acetate, Cellulose, Tocopherol, Methylparaben, Propylparaben,,,,,,,,,,,,,,,,,,,,,,,,,,,,,,,,,,,,,,,,,,,,,,B0012FSFGI
30,100% Pure and Certified Organic Virgin Argan Oil (Argania Spinosa),,,,,,,,,,,,,,,,,,,,,,,,,,,,,,,,,,,,,,,,,,,,,,,,,,,,,,,,,,,,,,,,B00OR0UE00
31,Deionized Water, Shea butter, Vegetable Emulsifying Wax, Jojoba Oil, Mango Seed Oil, Chaulmooga Seed Oil, Black Seed Oil, Manuka Leaf Oil, Potassium Lauroyl Wheat Amino Acids, Palm Glycerine, Capryloyl Glycine, Magnolia Grandiflora Bark Extract, Glycerine, Glyceryl Stearate, Stearly Stearate, Sodium Behenoyl Lactylate, Salicylic Acid, Pro-Vitamin B-5, Vitamin E, Neem Seed Oil, Pomegranate Seed Oil, Tamarind Seed Extract, Willow Bark Extract, Chamomile, Aloe Barnadensis Leaf Juice, African black soap extract, Moroccan camomile Suavage oil, Tea tree oil,,,,,,,,,,,,,,,,,,,,,,,,,,,,,,,,,,,,,B00GJ7SUJ6
32,,,,,,,,,,,,,,,,,,,,,,,,,,,,,,,,,,,,,,,,,,,,,,,,,,,,,,,,,,,,,,,,,B072M9HRT9
33,Water, dimethicone, glycerin, cetearyl olivate, polyacrylamide, sorbitan olivate, phenoxyethanol, dimethicone/vinyl dimethicone crosspolymer, synthetic beeswax, C13-14 isoparafin, dimethiconol, carbomer, dimethicone crosspolymer, chlorphenesin, laureth-7, sodium hyaluronate, ethylhexylglycerin, C12-14 pareth-12, sodium hydroxide,,,,,,,,,,,,,,,,,,,,,,,,,,,,,,,,,,,,,,,,,,,,,,B00NR1YQK4
34,African Baobab Tree,,,,,,,,,,,,,,,,,,,,,,,,,,,,,,,,,,,,,,,,,,,,,,,,,,,,,,,,,,,,,,,,B001M8YKP0
35,Organic Aloe Leaf Juice, Aqua, Organic Sunflower Oil Seed Oil, Isopropyl Palmitate, Glyceryl Stearate, Cetyl Alcohol, Botanical Hyaluronic Acid, Stearic Acid, Glycerin (Kosher, Vegetable), Organic Jojoba Oil, Shea Butter, Vitamin E, Vitamin B5, Retinol, Organic Green Tea Leaf Extract, Propolis Extract, Organic Gotu Kola Extract, Horsetail Extract, Wild Geranium Extract, Organic Dandelion Extract, Xanthan Gum, Polysorbate 20, Pentylene Glycol, Alcohol, Lecithin, Phenoxyethanol, Ethylhexylglyceri,,,,,,,,,,,,,,,,,,,,,,,,,,,,,,,,,,,,,B01ES349CY
36,Organic Aloe Barbadensis Gel, Caprylic/Capric Triglyceride, Organic Glycerin, Emulsifying Wax, Organic Cocos Nucifera (Coconut) Oil, Melaleuca Alternifolia (Tea Tree) Oil, Galactoarabinan, Manihot Esculenta (Tapioca) Starch, Carbomer, Salicylic, Zinc Oxide, Sodium Hydroxide, Organic Salix Alba (White Willow) Extract, Organic St. John's Wort, Organic Pomegranate Seed Oil, Organic Burdock, Organic Dandelion Root, Organic Goldenseal, Phenoxyethanol,,,,,,,,,,,,,,,,,,,,,,,,,,,,,,,,,,,,,,,,,,,,,,B00NR1YQHM
37,Organic Aloe Barbadensis (Aloe Vera), Organic Helianthus Annuus (Sunflower Oil), Isopropyl Palmitate (Palm Oil), Pentylene Glycol, Phospholipids, Retinol, Polysorbate 20, Potassium Phosphate, Tocopheryl (Vitamin E), Cassia Angustifolia Seed Polysaccharide, Glyceryl Stearate,Cetyl Alcohol, Stearic Acid, Kosher Vegetable Glycerin, Organic Simmondsia Chinensis (Jojoba Oil), Wildcrafted Camellia Sinensis (Green Tea), Wildcrafted Resina Propoli (Propolis), Butyrospermum Parkii (Shea Butter), Panthenol (Vitamin B5), Phenoxyethanol, Ethylhexyl Glycerin, Xanthan Gum, Citric Acid.,,,,,,,,,,,,,,,,,,,,,,,,,,,,,,,,,,,,,,,,,,B0182Y2Y0E
38,Organic Aloe Barbadensis Gel, Cocos Nucifera (Coconut) Oil, Theobroma Cacao (Cocoa) Seed Butter, Leptospermum Scoparium (Manuka Honey) Mel, Butyrospermum Parki (Shea) Butter, Centipeda Cunninghamii (Cehami), Glycerine (vegetable derived), Emulsifying Wax, Caprylic/Capric Triglyceride, Spirucosm (Blue Algae), Organic Cannabis Sativa (Hemp Seed) Oil, Organic Olea Europaea (Olive) Oil, Methyl Sufonyl Methane (MSM), Tocopheryl Acetate (Vitamin E), Panthenol (Vitamin B5), Retinyl Palmitate (Vitamin A), Sodium Ascorbyl Phosphate (Vitamin C), Oat Amino Protein, Frangipani Extract, Saccharomyces/Copper Ferment, Saccharomyces/Magnesium Ferment Hydrolysate, Saccharomyces/Potassium Ferment Hydrolysate, Adenosine Triphosphate, Riboflavin (Vitamin B2), Tapioca Starch, Polysorbate 80, Sodium Hydroxide, Titanium Dioxide, Carbomer, Glucose, Xanthan Gum, Chondrus Crispus (Carrageenan), Sodium Hyaluronate, Geogard Ultra (Glucoonolactone and Sodium Benzoate), Phenoxyethanol,,,,,,,,,,,,,,,,,,,,,,,,,,,,,,B00LZWV0WY
39,Water, Cetearyl Alcohol, Mineral Oil, Glyceryl Stearate SE, Aloe Barbadensis Leaf Juice, Isopropyl Myristate, Cocos Nucifera Oil, Glycerin, Butylene Glycol, Ceteareth-20, Caprylic/Capric Triglyceride, Triethanolamine, Acrylates/C10-30 Alkyl Acrylate Crosspolymer, Chamomilla Recutita Flower Extract, Lavandula Angustifolia Flower Extract, Disodium EDTA, Alcohol, Phenoxyethanol, DMDM Hydantoin, Iodopropynyl Butylcarbamate, Fragrance,,,,,,,,,,,,,,,,,,,,,,,,,,,,,,,,,,,,,,,,,,,,B00FAUS1HY
40,Water (Aqua), Cetearyl Alcohol, Cetyl Palmitate, Isopropyl Myristate, Linoleamidopropyl, PG-Dimonium Cloride Phosphate, Isopropyl Palmitate, Steareth-2, PEG-32, Glycerin, Dimethicone, Fragrance (Parfum), Phenoxyethanol, Malpighia Glabra (Acerola) Fruit Extract, Ethythexylglycerin, Limonene, Citral,,,,,,,,,,,,,,,,,,,,,,,,,,,,,,,,,,,,,,,,,,,,,,,,B06WWKDQD4
41, 2% Retinol (Vitamin A), 10% Botanical Hyaluronic Acid, Organic Jojoba Oil, Vitamin E, Wildcrafted Green Tea, Shea Butter, and many other natural and organic ingredients!,,,,,,,,,,,,,,,,,,,,,,,,,,,,,,,,,,,,,,,,,,,,,,,,,,,,,,,,,,B00IFTTZVS
42,Water, Cyclopentasiloxane, PEG/PPG-18/18 Dimethicone, Cetyl Ethylhexanoate, Alcohol, Dipropylene Glycol, Dimethicone, Cyclomethicone, Butylene Glycol, 1,2-Hexanediol, Sodium Hyaluronate, Glycerin, Pentylene Glycol, Collagen Extract, Beta-Glucan, Hamamelis Virginiana (Witch Hazel) Extract, Aloe Barbadensis Leaf Extract , Allantoin, Sodium Chloride, Panthenol, Tocopheryl Acetate, Galactomyces Ferment Filtrate, Bifida Ferment Lysate, Panax Ginseng Root, Platycodon Grandiflorum Root Extract, Angelica Gigas Root Extract, Cirsium (Thistle) Flower/Leaf/Stem Extract, Sophora Angustifolia Root Extract , Houttuynia Cordata Extract, Lonicera Japonica (Honeysuckle) Flower Extract, Artemisia Capillaris Leaf Extract, Paeonia Suffruticosa Bark Extract, Taraxacum Officinale (Dandelion) Rhizome/Root Extract, Castanea Crenata (Chestnut) Shell Extract, Acanthopanax Sessiliflorum Bark Extract, Citrus Limon (Lemon) Fruit Oil, Citrus Aurantium Dulcis (Orange) Oil, Lavandula Angustifolia (Lavender) Oil,,,,,,,,,,,,,,,,,,,,,,,,,,B00JB2KLOI
43,,,,,,,,,,,,,,,,,,,,,,,,,,,,,,,,,,,,,,,,,,,,,,,,,,,,,,,,,,,,,,,,,B01N06TSGT
44,Made with all natural & organic ingredients. See individual products for ingredients.,,,,,,,,,,,,,,,,,,,,,,,,,,,,,,,,,,,,,,,,,,,,,,,,,,,,,,,,,,,,,,,,B073T5H2X5
45, Botanical Hyaluronic Acid, Organic Aloe Extract, Dimethyl Sulfone (MSM), Melissa Essential Oil, Organic Jojoba Oil, Vitamin E, Organic Reishi Extract, Glycolic Acid, Organic Willow Bark Extract, Organic Anise Extract, Organic Horseradish Extract, Organic Licorice Extract, Organic Schisandra Extract, Organic Lemon Balm Extract, Organic Fennel Extract, Ginseng Extract, Organic Gotu Kola Extract, Horsetail Extract, Dandelion Extract, Wild Geranium Extract.......,,,,,,,,,,,,,,,,,,,,,,,,,,,,,,,,,,,,,,,,,,,,,B017PHC5PI
46, Water, Glycerin, Glyceryl Stearate SE, Sodium Silicate, Plankton Extract, Phenoxyethanol, Carrageenan, Glucose, Xanthan Gum, Polysorbate 20, Avena sativa (Oat) Kernel Extract, Acetyl Hexapeptide-8, Ethylhexylglycerin, Allantoin, Ascorbic Acid (Vitamin C), Epilobium Angustifolium (Canadian Willowherb) Flower/Leaf/Stem Extract, Acetyl Hexapeptide-30, Arginine, Caprylyl Glycol, Euterpe Oleracea (Acai Berry) Fruit Extract, Nannochloropsis Osculata Extract, Pullulan, Sodium Benzoate, Potassium Sorbate. *Certified Organic,,,,,,,,,,,,,,,,,,,,,,,,,,,,,,,,,,,,,,,,,B073DR92L8
47,Anti Aging Serum contains a high percentage of quality Hyaluronic Acid and Vitamin C,,,,,,,,,,,,,,,,,,,,,,,,,,,,,,,,,,,,,,,,,,,,,,,,,,,,,,,,,,,,,,,,B014JWMD40
48,Organic Aloe Leaf Juice (Aloe Barbadensis), Organic Coconut Oil (Cocos Nucifera), Emulsifying Wax (Cetyl Alcohol, Stearyl Alcohol, Polysorbate 60), Glycerin, Witch Hazel Water (Hamamelis Virginiana), Stearic Acid, Vitamin E (Tocopherol), Sunflower Seed Oil (Helianthus Annuus), Phenoxyethanol, Organic Jojoba Seed Oil (Simmondsia Chinensis), Organic Rosemary Leaf Extract (Rosmarinus Officinalis), Organic Sunflower Seed Oil (Helianthus Annuus), Organic Neem Seed Oil (Melia Azadirachta), Organic White Willow Bark Extract (Salix Alba), Organic Alcohol, Lecithin, Xanthan Gum, Tetrasodium Glutamate Diacetate, Bergamot Oil (Citrus Bergamia).,,,,,,,,,,,,,,,,,,,,,,,,,,,,,,,,,,,,,,,,,,,,B0746R6LLP
49, Clary Sage Oil,,,,,,,,,,,,,,,,,,,,,,,,,,,,,,,,,,,,,,,,,,,,,,,,,,,,,,,,,,,,,,,,B017KUHD7K
50, Water, propylene glycol, glycerin, dimethicone, steareth-2, ethylhexyl palmitate, isononyl isononanoate, butyrospermum parkii (shea) butter, styrene/acrylates copolymer, methyl methacrylate crosspolymer, steareth-21, hexylresorcinol,behenyl alcohol, bisabolol, ascorbyl glucoside, anhydroxylitol, xylitol, xylitylglucoside, dimethicone crosspolymer, caprylyl glycol, ammonium acryloyldimethyltaurate/VP copolymer, sclerotium gum, disodium EDTA, sodium hydroxide, mica, titanium dioxide, methylparaben, propylparaben, ethylparaben, phenoxyethanol, fragrance,,,,,,,,,,,,,,,,,,,,,,,,,,,,,,,,,,B075RBY83H
51,Hero Ingredients UMF Manuka Honey's unique properties include antibacterial activity, acting as a strong humectant and source of antioxidants, vitamins and minerals. Advanced CoQ10 supports skin's natural CoQ10 regeneration. High levels of hyaluronic acid assist to hydrate and soften skin. Jojoba, rosehip seed, almond oil and cacao and shea butter support a deep moisturising nourishment. Advanced narcissus tazetta bulb, and liquorice assist in soothing dry-irritated skin ¥ Frankincense, ylang ylang and patchouli essential oils finish with a silky touch and mild alluring mild spa scent for public use Full Ingredients Water (Deionised), Manuka Honey, Cetearyl Olivate, Sorbitan Olivate, Glycerine, Jojoba Oil, Rosa Moschata Oil/Rosehip Seed Oil, Shea Butter, Stearic Acid, Almond Oil, Oenothera Biennis, Cetostearyl Alcohol, Cacao Butter, Sodium Stearoyl Glutamate, Liquorice Extract, Dehydroacetic Acid, Benzyl Alcohol, .Alpha.-Tocopherol Acetate, Kelp (Macrocystis Pyrifera) [Hoc, Potassium Sorbate, Xanthan Gum, Boswellia Caterii Oil, Patchouli Oil, Cananga Odorata (Lam.) Hook. F. & Thomson, Hyaluronic Acid (Yeast Derived), Narcissus Tazetta Bulb, Coenzyme Q-10, Lavender Oil Ð Lavandula Angustifolia Oil, Leptospermum Petersonii Leaf Oil.,,,,,,,,,,,,,,,,,,,,,,,,,,,,,,B00WTP1BH0
52,WATER, BUTYLENE GLYCOL, HEXANDIOL, GLYCERIN, METHYL GLUCETH-20, BIS-PEG-18 METHYL ETHER DIMETHYL SILANE, PEG-60 HYDROGENATED CASTOR OIL, CARBOMER, PHENYL TRIMETHICONE, POTASSIUM HYDROXIDE, CELLULOSE GUM, TREHALOSE, CERAMIDE 3, POLYGLYCERYL-10 STEARATE, HYDROGENATED LECITHIN, SUCROSE STEARATE, ADENOSINE, HYDROLYZED HYALURONIC ACID, PANTHENOL, PROPYLENE GLYCOL, WATER, RUBUS IDAEUS (RASPBERRY) FRUIT EXTRACT, CARICA PAPAYA (PAPAYA) FRUIT WATER, PROPYLENE GLYCOL, PINUS DENSIFLORA EXTRACT, BETAINE, PROPYLENE GLYCOL, HYDROLYZED EXTENSIN, BIOSACCHARIDE GUM-1, PHYTOSQUALANE, OLEA EUROPAEA (OLIVE) FRUIT OIL, CAPRYLIC/CAPRIC TRIGLYCERIDE, MORINGA PTERYGOSPERMA SEED OIL, CITRUS AURANTIUM BERGAMIA (BERGAMOT ) FRUIT OIL, PELARGONIUM GRAVEOLENS FLOWER OIL, ROSA DAMASCENA FLOWER OIL,,,,,,,,,,,,,,,,,,,,,,,,,,,,,B0129F4S24
53, Water, Cyclopentasiloxane, Glycerin, Niacinamide, Aluminum Starch Octenylsuccinate, Dimethicone, Panthenol, Dimethicone Crosspolymer, Polyethylene, Palmitoyl Pentapeptide-4, Sodium Hyaluronate, Camellia Sinensis Leaf Extract, Tocopheryl Acetate, Carnosine, Allantoin, Dimethiconol, Polyacrylamide, C13-14 Isoparaffin, Laureth-4, Laureth-7, Citric Acid, PEG-100 Stearate, DMDM Hydantoin, Bht, Disodium EDTA, Tin Oxide, Iodopropynyl Butylcarbamate, Titanium Dioxide, Mica.,,,,,,,,,,,,,,,,,,,,,,,,,,,,,,,,,,,,B0081NLR0K
54,Water (Aqua), Mineral Oil, Propylene Glycol, Glyceryl Stearate, PEG- 100 Stearate, Stearic Acid, Phenoxyethanol, Carthamus Tinctorius (Safflower) Seed Oil, Triethanolamine, Carbomer, Cetyl Alcohol, Dimethicone, Disodium EDTA, Fragrance (Parfum), Ethylhexylglycerin, Hydrolyzed Collagen, Hydrolyzed Elastin.,,,,,,,,,,,,,,,,,,,,,,,,,,,,,,,,,,,,,,,,,,,,,,,,B000UVZU1S
55,Water (Aqua, Eau), Caprylic/Capric Triglyceride, Glycerin, Polyglyceryl-3 Methyl Glucose Distearate, Stearyl Alcohol, Panthenol, Polyacrylamide, Stearic Acid, C13-14 Isoparaffin, Caprylyl Glycol, Laureth-7, Allantoin, Pentylene Glycol, Bisabolol, Disodium Edta, Lactic Acid, Sodium Lactate, Serine, Sodium Hydroxide, Urea, Sorbitol, Sodium Chloride, Citric Acid, Methylisothiazolinone, Phenoxyethanol.,,,,,,,,,,,,,,,,,,,,,,,,,,,,,,,,,,,,,,,B005TI7L6O
56,Purified Water (Aqua), Sodium Silicate, Butylene Glycol, Magnesium Aluminum Silicate, Cucumis Sativus (Cucumber) Fruit Extract, Euterpe Oleracea (Acai) Fruit Extract, Perilla Frutescens Extract, Quercus Alba Bark Extract, Acetyl Hexapeptide-8, Phenoxyethanol, Ethylhexylglycerin,,,,,,,,,,,,,,,,,,,,,,,,,,,,,,,,,,,,,,,,,,,,,,,,,,,,,,B0128DT1GU
57,Aloe Barbadensis Gel-Organic, Terminalia Ferdinandiana (Kakadu Plum) Fruit Extract, Emulsifying Wax, Caprylic/Capric Triglyceride, Glycerine, Theobroma Cacao (Cocoa) Seed Butter, Cocos Nucifera (Coconut) Oil, Chamomilla Recutita (Matricaria) Flower Extract-Organic, Retinol, Persea Gratissima (Avocado) Oil-Organic, Methyl Sulfynol Methane, Milk Thistle Extract. Phenoxyethanol, Manihot Esculenta (Tapioca) Starch, Carbomer, Sodium Hydroxide, Titanium Dioxide,,,,,,,,,,,,,,,,,,,,,,,,,,,,,,,,,,,,,,,,,,,,,,,,,B0774XYQ21
58,Dimethicone, Ethylhexyl Methoxycinnamate, Dimethicone/Peg-10/15 Crosspolymer, Panthenol, Glucosyl Hesperidin, Undecylenoyl Phenylalanine, Sodium Chloride, Dimethicone/Vinyl Dimethicone Crosspolymer, Methylparaben, Triethanolamine, Fragrance, Sodium Benzoate, Ethylparaben. Vitamin B3, Pro-Vitamin B5,,,,,,,,,,,,,,,,,,,,,,,,,,,,,,,,,,,,,,,,,,,,,,,,,,,B01EHW5FIS
59,WATER, GLYCERYL STEARATE, STEARIC ACID, CETYL ALCOHOL, PETROLATUM, BUTYLENE GLYCOL, DIMETHICONE, VITA VINFERA (GRAPE) SEED EXTRACT, CHAMOMILLA RECUTITA (MATRICARIA) FLOWER EXTRACT, SYMPHYTUM OFFICINALE (COMFREY) LEAF EXTRACT, ALOE BARBADENSIS LEAF JUICE,TOCOPHEROL, PHENOXYETHANOL, CARBOMER, COPYLYL GLYCOL, CHLORPHENESIN, SODIUM HYDROXIDE, GRAPE SEED MASK, ETHYLHEXYLGLYCERIN, ZINC OXIDE, TRIETHOXYCAPRYLYLSILANE, BLUE 1, RED 33.,,,,,,,,,,,,,,,,,,,,,,,,,,,,,,,,,,,,,,,,,,B003YCH216
60,Water, Cetearyl Alcohol, Caprylic/Capric Triglycerides, Glycerin, Ceteareth-20, Butyrospermum Parkii (Shea) Butter, Butylene Glycol, Palmitoyl Oligopeptide, Palmitoyl Tetrapeptide-7, PEG-16, Macadamia Glycerides, Octyldodecanol, Ethyhexyl Palmitate, Zea Mays (Corn) Oil, Tocopheryl Acetate, Cholecalciferol, Retinyl Palmitate (Retinol, Vitamin A), Ascorbic Acid (Vitamin C), Pyridoxine HCl(Vitamin B6), Silica, Sodium Propoxyhydroxypropyl Thiosulfate Silica, Carbomer, Polysorbate 20, Dimethicone, Xanthan Gum, Phenoxyethanol, Caprylyl Glycol, Potassium Sorbate, Hexylene Glycol.,,,,,,,,,,,,,,,,,,,,,,,,,,,,,,,,,,,B01BDIX3JM
61, ,,,,,,,,,,,,,,,,,,,,,,,,,,,,,,,,,,,,,,,,,,,,,,,,,,,,,,,,,,,,,,,,B00NLQ0BKE
62,Aloe Barbadensis Leaf Juice, Isopropyl Myristate, Glycerin, Pyrus Malus (Apple) Fruit Extract, Hydrogenated Ethylhexyl Olivate, Cetearyl Alcohol, Hydrogenated Olive Oil Unsaponifiables , Glycine Soja (Soybean) Oil, Polyurethane Crosspolymer-1, Retinol, Oryza Sativa (Rice) Bran Extract, Rosmarinus Officinalis (Rosemary) Leaf Extract, Helianthus Annuus (Sunflower) Extract, Tocopherol, Cyamopsis Tetragonoloba (Guar) Gum, Avena Sativa (Oat) Bran Extract, Citrus Aurantium Dulcis (Orange) Peel Extract, Camellia Sinensis Leaf Extract, Disodium EDTA, Ammonium Acryloyldimethyltaurate/VP Copolymer, Fragrance, Phenoxyethanol, Caprylyl Glycol, Ethylhexylglycerin, Hexylene Glycol, Sodium Hydroxide,,,,,,,,,,,,,,,,,,,,,,,,,,,,,,,,,,,,,,,B016V8UEX2
63,Aqua (Water), Cetearyl Ethylhexanoate, Cetearyl Alcohol, Caprylic/ Capric Triglyceride, Sesamum Indicum (Sesame) Seed Oil, Cetearyl Glucoside, Butyrospermum Parkii (Shea Butter), Myristyl Myristate, Glycerin, Ribes Nigrum (Black Currant) Seed Oil, Phenoxyethanol, Helianthus Annuus (Sunflower) Seed Oil, Oryzanol, Bisabolol, Sodium Hydroxymethylglycinate, Hippophae Rhamnoides Fruit Extract, Calendula Officinalis Flower Extract, Citric Acid, Tocopherol, Xanthan Gum, Limonene, Linalool, Anthemis Nobilis Flower Oil, Pelargonium Graveolens Flower Oil, Foeniculum Vulgare (Fennel) Fruit Extract, Citronellol, Citrus Nobilis (Mandarin Orange) Peel Oil, Anthemis Nobilis Flower Extract, Cinnamomum Camphora Linalloliferum (Ho Wood) Leaf Oil.,,,,,,,,,,,,,,,,,,,,,,,,,,,,,,,,,,,,B00I0C3P5M
64,Black Cottonwood, Carrot seed essential oil, Wild Rose Hip oil, Comfrey, Unrefined Organic Seabuckthorn oil, Horsetail, Stinging Nettle, Olive oil, Plantain, Siberian Cedar Needles and Cones oil, Siberian Cedar Nut oil, Milk Thistle seed.,,,,,,,,,,,,,,,,,,,,,,,,,,,,,,,,,,,,,,,,,,,,,,,,,,,,,B076CPHFM9
65,Organic Herbal Infusion (Organic Gotu Kola, Organic Horsetail, Wildcrafted Dandelion and Wild Geranium), Organic Aloe Barbadensis Leaf Juice (Aloe Vera), Hamamelis Virginiana (Witch Hazel), Cassia Angustifolia Seed Polysaccharide (botanical hyaluronic acid), Hydroxyethyl Cellulose, Carrageenan Gum, Kosher Vegetable Glycerin, Silk Amino Acid Complex (Sodium L-Pyrrolidone Carboxylate, Sodium Lactate, LArginine, L-Aspartic Acid, L-Pyrrolidonecarboxylic Acid, Glycine, L-Alanine, L-Serine, L-Valine, L-Proline, L-threonine, L-Isoleucine, L-Histidine, L-Phenylalanine), Organic Simmondsia Chinensis (Jojoba Oil), Tocopheryl Acetate (Vitamin E), Sodium Benzoate, Potassium Sorbate, Ethyl Hexyl Glycerin.,,,,,,,,,,,,,,,,,,,,,,,,,,,,,,,,,,,,,B00SLWM3MC
66,Organic Rosehip Seed Oil, Organic Coconut Oil, Organic Jojoba Oil, Organic Avocado Oil, Organic Flax Seed Oil, Organic Rice Bran Oil, Coenzyme Q10, Organic Passionfruit Oil, Organic Argan Oil, Retinol Palmitate (Vitamin A), Tocopherol (Vitamin E), Organic Tangerine Essential Oil, Organic Helichrysum Essential Oil, Organic Ylang Ylang Essential Oil.,,,,,,,,,,,,,,,,,,,,,,,,,,,,,,,,,,,,,,,,,,,,,,,,,,,B001UOHR1A
67,98.6% NATURAL. AQUA, BUTYROSPERMUM PARKII BUTTER, CETEARYL ALCOHOL, ,3 PROPANEDIOL, CAPRYLIC/CAPRIC TRIGLYCERIDE SODIUM MAGNESIUM SILICATE & XANTHAN GUM & CITRIC ACID, RETINOL, SODIUM HYALURONATE, SODIUM ASCORBYL PHOSPHATE, PANTHENOL, ROSA CANINA FRUIT EXTRACT, CAMELLIA SINENSIS LEAF EXTRACT, CHAMOMILLA RECUTITA (MATRICARIA) EXTRACT, ALOE BARBADENSIS LEAF JUICE, VACCINIUM ANGUSTIFOLIUM (BLUEBERRY) FRUIT EXTRACT, VACCINIUM MACROCARPON (CRANBERRY) FRUIT EXTRACT, LYCIUM BARBARUM (GOJI) FRUIT EXTRACT, EUTERPE OLERACEA (ACAI) FRUIT OIL, CORYLUS AMERICANA (HAZEL) SEED OIL, MACADAMIA TERNIFOLIA (MACADAMIA NUT) SEED OIL, MANGIFERA INDICA (MANGO) SEED BUTTER, RUBUS IDEAUS (RED RASPBERRY) SEED OIL , ZEA MAYS (CORN) OIL, PRUNUS AMYGDALUS DULCIS (SWEET ALMOND) OIL, BETA GLUCAN, ALLANTOIN, ETHYLHEXYL GLYCERIN, PHENYLPROPANOL, PROPANEDIOL, CAPRYLYL GLYCOL,TOCOPHEROL, SODIUM CITRATE, P ANISIC ACID, LECITHIN Individual results can and will vary. OZNaturals Skincare products are purely cosmetic in nature and do not claim to cure/treat/prevent any skin related disorders. If you are allergic to any ingredients listed, are under medical treatment or on any medications for your skin, please consult with your physician prior to use.,,,,,,,,,,,,,,,,,,,,,,,,,,,,,B003NSPOF2
68,All 180 Cosmetics skin care products are skillfully developed based on pioneering health and beauty science and cutting-edge technology. We pride ourselves in our ability to deliver products made from best ingredients, resulting in a line of innovative, market-proven anti aging creams and serums. Powerful, yet supremely gentle to the skin, all of our products have a pleasant, fragrant scent and a uniquely smooth texture. 180 Cosmetics Hyaluronic Acid and Vitamin C Serum contains best Hyaluronic Acid, blended with pure Vitamin C, Aqua (water-based), Sodium Hyaluronate , Ascorbyl Tetrisopalmitate , Phenoxethanol, Chlorophenzin, Sorbic Acid.,,,,,,,,,,,,,,,,,,,,,,,,,,,,,,,,,,,,,,,,,,,,,,,,,,,,B0772L5QC2
69,Organic Argan Oil, Organic Sunflower Oil, Organic Sesame Oil, Organic Borage Seed Oil, Organic Bergamot Essential Oil, Organic Cedarwood Essential, Organic Neroli Essential Oil, Organic Geranium Essential Oil, Organic Palmarosa Essential Oil.,,,,,,,,,,,,,,,,,,,,,,,,,,,,,,,,,,,,,,,,,,,,,,,,,,,,,,,,B001A3D59O
70,Anti Aging Serum contains a high percentage of quality Hyaluronic Acid and Vitamin C,,,,,,,,,,,,,,,,,,,,,,,,,,,,,,,,,,,,,,,,,,,,,,,,,,,,,,,,,,,,,,,,B074RBRD6H
71,Deionized Water; Caprylic/Capric Triglyceride (derived from Organic Coconut Oil) ; Grape Seed Oil; Organic Avocado Oil; Organic Sunflower Oil; Organic Cold-Pressed Zea Mays; Organic Coconut Oil; Organic Jojoba Oil, Organic Shea Butter, Organic Aloe, Organic Pumpkin Oil, Polyglyceryl-3 Stearate (Plant Origin), Plant Based Stearic Acid; Sodium Stearoyl Lactylate (Biodegradable, Natural Food Grade), Organic Zemea® Propanediol (Certified Natural), Organic Vegetable Glycerin, Vitamin E, Cucumber Extract, Elder Flower, Mallow Extract, Comfrey Leaf Extract, Xanthan Gum (Plant Derived), Glyceryl Caprylate (Vegetable Oil), Sodium Levulinate, Grapefruit Extract,,,,,,,,,,,,,,,,,,,,,,,,,,,,,,,,,,,,,,,,,,,,,,,B07453LN3K
72,Water (Aqua, Eau), Mineral Oil (Paraffinum Liquidum, Huile Minerale), Propylene Glycol, Peg-100 Stearate, Glyceryl Stearate, Stearic Acid, Phenoxyethanol, Carthamus Tinctorius (Safflower) Seed Oil, Triethanolamine, Carbomer, Methylparaben, Dimethicone, Cetyl Alcohol, Ethylparaben, Fragrance (Parfum), Tetrasodium Edta, Linalool, Hexyl Cinnamal, Hydrolyzed Elastin, Coumarin, Geraniol, Ascorbic Acid, Sorbitol, Sambucus Nigra Flower Extract, Primula Veris Extract, Helianthus Annuus (Sunflower) Extract, Chamomilla Recutita (Matricaria) Flower Extract, Viola Tricolor Extract, Tocopheryl Acetate, Collagen, Yellow 5 (Ci 19140), Red 4 (Ci 14700), Red 33 (Ci 17200), Blue 1 (Ci 42090).,,,,,,,,,,,,,,,,,,,,,,,,,,,,,B00KZ2CSU8
73, Organic Herbal Infusion, Organic Aloe, Witch Hazel, Plant Based Hyaluronic Acid, MSM, Wildcrafted Reishi, Wildcrafted Willow Bark, Organic Licorice, Wildcrafted Lemon Balm, Wildcrafted Chinese Ginseng, Organic Anise, Organic Horseradish, Organic Schisandra, Organic Fennel, Melissa Essential Oil, Organic Jojoba Oil, Vitamin E. 72% ORGANIC AND 98% NATURAL,,,,,,,,,,,,,,,,,,,,,,,,,,,,,,,,,,,,,,,,,,,,,,,,B06VWD245S
74,Active IngredientsAvobenzone 3% (sunscreen)Homosalate 12%( sunscreen)Octisalate 5% (sunscreen)Octocrylene 5%(sunscreen)Oxybenzone 3% (sunscreen)Inactive IngredientsWater, butylene glycol, C12-15 alkyl benzoate, tetrahydroxypropyl ethylenediamine, silica, cetearyl alcohol, cyclopentasiloxane, benzyl alcohol, dimethicone, steareth-2,glyceryl stearate, steareth-21, phenoxyethanol, citric acid, polyacrylamide, aluminum starch octenylsuccinate, cetearyl glucoside, dimethicone/vinyl dimethicone crosspolymer, fragrance, arachidyl alcohol, PEG-100 stearate, C13-14 isoparaffin, disodium EDTA, methylparaben, ethylparaben, behenyl alcohol, acrylates/C10-30 alkyl acrylate crosspolymer, propylparaben, pentaerythrityl tetra-dit-butyl hydroxyhydrocinnamate, arachidyl glucoside, laureth-7, polymethyl methacrylate, tocopheryl acetate, pantothenic acid, retinyl palmitate, ascorbic acid,,,,,,,,,,,,,,,,,,,,,,,,,,,,,B004D2C57M
75,Organic Aloe Barbadensis Gel, Caprylic/Capric Triglyceride, Organic Glycerin, Emulsifying Wax, Organic Cocos Nucifera (Coconut) Oil, Melaleuca Alternifolia (Tea Tree) Oil, Galactoarabinan, Manihot Esculenta (Tapioca) Starch, Carbomer, Salicylic, Zinc Oxide, Sodium Hydroxide, Organic Salix Alba (White Willow) Extract, Organic St. John's Wort, Organic Pomegranate Seed Oil, Organic Burdock, Organic Dandelion Root, Organic Goldenseal, Phenoxyethanol,,,,,,,,,,,,,,,,,,,,,,,,,,,,,,,,,,,,,,,,,,,,,,B0747Y61RC
76, Aqua/Water, Glycerin, Butylene Glycol, Dimethicone, Niacinamide, C12-15 Alkyl Benzoate, Alcohol Denat., Ascorbyl Glucoside, Hydroxyethylpiperazine Ethane Sulfonic Acid, C13-14 Isoparaffin, Peg-100 Stearate, Stearic Acid, Potassium Hydroxide, Glyceryl Stearate, Triethanolamine, Sodium Citrate, Sodium Hyaluronate, Palmitic Acid, Adenosine, Disodium Edta, Laureth-7, Xanthan Gum, Oxothiazolidinecarboxylic Acid, Castanea Sativa/Chestnut Seed Extract, Ethylhexyl Hydroxystearate, Polyacrylamide, Cetyl Alcohol, Tocopheryl Acetate, Phenoxyethanol, Ci 77163/Bismuth Oxychloride, Limonene, Parfum/Fragrance, F.I.L. #B48619/1.,,,,,,,,,,,,,,,,,,,,,,,,,,,,,,,,B0073ANH14
77,Avobenzone 2% (sunscreen)Homosalate 4% (sunscreen) Sunscreen Octisalate 4% (sunscreen)Octocrylene 2% (sunscreen)Inactive Ingredients,,,,,,,,,,,,,,,,,,,,,,,,,,,,,,,,,,,,,,,,,,,,,,,,,,,,,,,,,,,,,,,,B016OIV7IU
78,Made with all natural & organic ingredients. See individual products for ingredients.,,,,,,,,,,,,,,,,,,,,,,,,,,,,,,,,,,,,,,,,,,,,,,,,,,,,,,,,,,,,,,,,B01MZ7B315
79,Water, Ethoxydiglycol, 15% L-Ascorbic Acid, Propylene Glycol, Glycerin, Laureth-23, 1% Alpha Tocopherol, Phenoxyethanol, Triethanolamine,Hyaluronic Acid, 0.5% Ferulic Acid, DL-Panthenol,, Leucidal Liquid,,,,,,,,,,,,,,,,,,,,,,,,,,,,,,,,,,,,,,,,,,,,,,,,,,,B00F2XWNYG
80,Hydroquinone, Water, Isopropyl Palmitate, Caprylic/Capric Triglyceride, Cetearyl Alcohol, Glyceryl Stearate, Propanediol, Glycolic Acid, Lactic Acid, Kojic Dipalmitate, Sodium Hydroxide, Polyacrylate Crosspolymer-6, Niacinamide, Allantoin, Ferulic Acid, Butylene Glycol, Hydrogenated Lecithin, Sodium Oleate, Oligopeptide-68, Dipotassium Glycyrrhizinate, Sodium Sulfate, Sodium Metabisulfite, Tocopheryl Acetate,,,,,,,,,,,,,,,,,,,,,,,,,,,,,,,,,,,,,,,,,,B01LX83RZ2
81,Water (Aqua), Aloe Barbadensis Leaf Extract, Glycerin, Glyceryl Acrylate/Acrylic Acid Copolymer, Butylene Glycol, Phenoxyethanol, Benzoic Acid, Ethylhexylglycerin, Glycereth-2 Cocoate, Carbomer, Potassium Hydroxide, Caramel, Niacinamide (Vitamin B3), Fragrance, Sodium Hyaluronate, Sodium Ascorbyl Phosphate (Vitamin C), Cabbage Rose Extract, Disodium EDTA, Lactic Acid.,,,,,,,,,,,,,,,,,,,,,,,,,,,,,,,,,,,,,,,,,,,,,,B017J1LULK
82,Pracaxi Oil (Skin barrier), Acetyl Hexapeptide - 8 (Lifting), VITA 6 SOME (Dermatoelectricity Nutrition), Nymphaea Caerulea Flower Extract (Skin protection), Poncirus Trifoliata Fruit Extract (Convergence), Prunus Mume Fruit Extract (Convergence Moisturizing), Niacinamaide (Whitening), Adenosine (Anti-wrinkle), Daymoist CLR (24Hrs Hydration),,,,,,,,,,,,,,,,,,,,,,,,,,,,,,,,,,,,,,,,,,,,,,,,,,,,,,,,B0763TQHTV
83,Water, Glycerin, Niacinamide, Isohexadecane, Dimethicone, Isopropyl Isostearate, Stearyl Alcohol, Polyacrylamide, Tocopheryl Acetate, Camellia Sinensis Leaf Extract, Sodium Ascorbyl Phosphate, Panthenol, Cetyl Alcohol, C13-14 Isoparaffin, Behenyl Alcohol, Polymethylsilsesquioxane, Titanium Dioxide, Caprylyl Glycol, 1,2-Hexanediol, Phenoxyethanol, Dimethiconol, Fragrance, Laureth-7, Sodium Benzoate, Peg-100 Stearate, Cetearyl Glucoside, Cetearyl Alcohol, Disodium Edta, Stearic Acid, Palmitic Acid.,,,,,,,,,,,,,,,,,,,,,,,,,,,,,,,,,,B01M4R7D9A
84,Water/Agua, Mineral Oil, Isopropyl Palmitate, Petrolatum, Glycerin, Stearic Acid, Ceresin, Glyceryl Stearate, Cetyl Alcohol, Sorbitan Oleate, Candelilla Wax, Triethanolamine, Laureth-23, Fragrance/Fragancia, Carbomer, Disodium Edta, Dmdm Hydantoin, Methylparaben, Iodopropynyl Butylcarbamate,,,,,,,,,,,,,,,,,,,,,,,,,,,,,,,,,,,,,,,,,,,,,,B000052YQU
85, Hyaluronic Acid, Purified Water (Aqua), Phenoxyethanol, Ethylhexylglycerin,,,,,,,,,,,,,,,,,,,,,,,,,,,,,,,,,,,,,,,,,,,,,,,,,,,,,,,,,,,,,B017J19GGQ
86, Clary Sage Oil,,,,,,,,,,,,,,,,,,,,,,,,,,,,,,,,,,,,,,,,,,,,,,,,,,,,,,,,,,,,,,,,B00SKR6KFY
87,Organic Herbal Infusion, Organic Aloe, Sodium Ascorbyl Phosphate (Vitamin C), MSM, Botanical Hyaluronic Acid, Witch Hazel, Vitamin C, Carbomer, (2s)-2-Amino-5-guanidinopentanoic Acid, Ferulic Acid, Kosher Vegetable Glycerin, Organic Jojoba Oil, Phenoxyethanol, Ethyl Hexyl Glycerin.,,,,,,,,,,,,,,,,,,,,,,,,,,,,,,,,,,,,,,,,,,,,,,,,,,,B00HOHLKY2
88,Water, C12-15 Alkyl Benzoate, Glycerin, Cetyl Alcohol, Cetearyl Alcohol, Ethylhexyl Hydroxystearate, Dimethicone, Camellia Oleifera Leaf Extract, Retinol, Panthenol, Disodium EDTA, Tocopherol, Cetearyl Glucoside, Tocopheryl Acetate, Polysorbate 20, Triethanolamine, Methylparaben, Propylparaben, Butylene Glycol, Diazolidinyl Urea, BHT, Carbomer.,,,,,,,,,,,,,,,,,,,,,,,,,,,,,,,,,,,,,,,,,,,B00NQ2PAFE
89,None,,,,,,,,,,,,,,,,,,,,,,,,,,,,,,,,,,,,,,,,,,,,,,,,,,,,,,,,,,,,,,,,B074PCRKQ6
90,Aqua, Witch Hazel, Bbotanical Hyaluronic Acid, Kosher Glycerin, Organic Aloe, Vitamin C, Dimethyl Sulfone, Melissa Essential Oil, Organic Jojoba, Vitamin E, Organic Reishi, Glycolic Acid, Organic Willow Bark, Organic Anise, Organic Horseradish, Organic Licorice, Schisandra Chinensis Extract, Organic Lemon Balm, Organic Fennel,Ginseng, Organic Gotu Kola, Equisetum Arvense Extract (Horsetail), Taraxacum Officinale Extract (Dandelion), Geranium Maculatum Extract (Wild Geranium), Hydoxyethyl Ethylcellulose, Carrageenan Gum, Sodium Benzoate, Potassium Sorbate, Ehtylhexylglycerin,,,,,,,,,,,,,,,,,,,,,,,,,,,,,,,,,,,,B01NBXUEGH
91,Organic Safflower Oil, Organic Aloe Leaf Juice, Organic Jojoba Oil, Organic Coconut Oil, Vitamin E, Vitamin A, Retinol, Zinc Oxide, Organic Hemp Seed Oil, Organic Honey, Vanilla Planifolia Extract, Organic Shea Butter, Sodium Hyaluronate (Hyaluronic Acid, Sodium Ascorbate, Panthenol (Vitamin B5), Palmitoyl Oligopeptide, Palmitoyl Tetrapeptide-7, Polysorbate 20, Helianthus Annuus (Organic Sunflower) Oil, Phenoxyethanol, Glycerin, Natural Fragrant Oil, Punica Granatum, (Organic Pomegranate) Oil.,,,,,,,,,,,,,,,,,,,,,,,,,,,,,,,,,,,,,,,,,B01C4W0SOE
92,Organic Herbal Infusion, Organic Aloe Barbadensis Leaf, Sodium Ascorbyl Phosphate (Vitamin C), Methylsulfonylmethane, Cassia Angustifolia Seed Polysaccharide (botanical hyaluronic acid), Hamamelis Virginiana (Witch Hazel), d-Alpha Tocopheryl Acetate (Vitamin E), Carbomer, (2s)-2-Amino-5-guanidinopentanoic Acid, Ferulic Acid, Kosher Vegetable Glycerin, Organic Simmondsia Chinensis, Ethyl Hexyl Glycerin,,,,,,,,,,,,,,,,,,,,,,,,,,,,,,,,,,,,,,,,,,,,,,,,,,,,B01LR4N4XW
93,98.6% NATURAL. AQUA, BUTYROSPERMUM PARKII BUTTER, CETEARYL ALCOHOL, ,3 PROPANEDIOL, CAPRYLIC/CAPRIC TRIGLYCERIDE SODIUM MAGNESIUM SILICATE & XANTHAN GUM & CITRIC ACID, RETINOL, SODIUM HYALURONATE, SODIUM ASCORBYL PHOSPHATE, PANTHENOL, ROSA CANINA FRUIT EXTRACT, CAMELLIA SINENSIS LEAF EXTRACT, CHAMOMILLA RECUTITA (MATRICARIA) EXTRACT, ALOE BARBADENSIS LEAF JUICE, VACCINIUM ANGUSTIFOLIUM (BLUEBERRY) FRUIT EXTRACT, VACCINIUM MACROCARPON (CRANBERRY) FRUIT EXTRACT, LYCIUM BARBARUM (GOJI) FRUIT EXTRACT, EUTERPE OLERACEA (ACAI) FRUIT OIL, CORYLUS AMERICANA (HAZEL) SEED OIL, MACADAMIA TERNIFOLIA (MACADAMIA NUT) SEED OIL, MANGIFERA INDICA (MANGO) SEED BUTTER, RUBUS IDEAUS (RED RASPBERRY) SEED OIL , ZEA MAYS (CORN) OIL, PRUNUS AMYGDALUS DULCIS (SWEET ALMOND) OIL, BETA GLUCAN, ALLANTOIN, ETHYLHEXYL GLYCERIN, PHENYLPROPANOL, PROPANEDIOL, CAPRYLYL GLYCOL,TOCOPHEROL, SODIUM CITRATE, P ANISIC ACID, LECITHIN Individual results can and will vary. OZNaturals Skincare products are purely cosmetic in nature and do not claim to cure/treat/prevent any skin related disorders. If you are allergic to any ingredients listed, are under medical treatment or on any medications for your skin, please consult with your physician prior to use.,,,,,,,,,,,,,,,,,,,,,,,,,,,,,B00OKY87OS
94,Purified Water, Niacinamide, Laminaria Saccharina Extract, Glycerin, Caprylic/Capric Triglyceride, Palmitoyl Tripeptide-5, Cetearyl Olivate, Sorbitan Olivate, Organic Argan (Argania Spinosa) Oil, Plantago Lanceolata Leaf Extract, Cetyl Palmitate, Sorbitan Palmitate, Limnanthes Alba (Meadowfoam) Seed Oil, Tocopherol, Chlamydocapsa sp.-101 Extract, Maltodextrin, Lecithin, Glyceryl Stearate, Stearyl Alcohol, Ectoin, Panthenol, Sodium Hyaluronate, Mica, Titanium Dioxide, Camellia Japonica Seed Oil, Beta-Glucan, Daucus Carota Sativa (Carrot) Seed Oil, Xanthan Gum, Glyceryl Caprylate, Allantoin, Mangifera Indica (Mango) Seed Butter, Commiphora Mukul Resin Extract, Punica Granatum Seed Oil, Organic Theobroma Cacao (Cocoa) Seed Butter, Hippophae Rhamnoides Oil, EO Essential Oil Blend [Rosa Damascena Flower Oil, Boswellia Carteri Oil, Citrus Aurantium Dulcis (Orange) Peel Oil, Cymbopogon Martini Oil, Citrus Medica Limonum (Lemon) Peel Oil], Dimethicone, Sodium Phytate, Citric Acid, Potassium Sorbate, Sodium Levulinate,,,,,,,,,,,,,,,,,,,,B00U2QDZYU
95,Avobenzone (2%) (sunscreen)homosalate (4%) (sunscreen) octisalate (4%) (sunscreen)octocrylene (2%) (sunscreen)Inactive Ingredients,,,,,,,,,,,,,,,,,,,,,,,,,,,,,,,,,,,,,,,,,,,,,,,,,,,,,,,,,,,,,,,,B00CWY8OC8
96,Hyaluronic Acid, Laminaria Digitata Seaweed, Gingko Biloba, Red Clover Flower Extract, Horse Chestnut (Vitamin K), St John's Wort, White Tea Leaf Extract, Deep Sea Thermophilus, Glycerin,,,,,,,,,,,,,,,,,,,,,,,,,,,,,,,,,,,,,,,,,,,,,,,,,,,,,,,,B002ML8O8K
97,Hamamelis Virginiana (Witch Hazel) Extract, Aloe Barbadensis Leaf Extract, Salix Alba (Willow) Bark Extract, Betula Alba Bark Extract, Arctium Lappa Root Extract, Echinacea Purpurea Extract, Taraxacum Mongolicum Extract (Dandelion), Salvia Officinalis (Sage) Extract, Glycerin, Chondrus Crispus Extract, Salicylic Acid, Methylsulfonylmethane (MSM), Xanthum Gum, Lavendula Angustifolia (Lavender) Oil, Citrus Reticulata (Tangerine) Peel Extract, Phenoxyethanol, Aqua, Ethylhexylglycerin, Hydroxyethlcellulose.,,,,,,,,,,,,,,,,,,,,,,,,,,,,,,,,,,,,,,,,,,,,,,B01FRUBUTW
98,None,,,,,,,,,,,,,,,,,,,,,,,,,,,,,,,,,,,,,,,,,,,,,,,,,,,,,,,,,,,,,,,,B0064F4CXG
99,Water (Aqua), Cetyl Alcohol, Glycerin, Dimethicone, Butyrospermum Parkii (Shea) Butter, Ceteareth-20, Aloe Barbadensis Leaf Juice, Retinol, Ferulic Acid, Camellia Sinensis Leaf Extract, Anthemis Nobilis Flower Extract, Pyrus Malus (Apple) Fruit Extract, Helianthus Annuus (Sunflower) Extract, Oryza Sativa (Rice) Bran Extract, Rosmarinus Officinalis (Rosemary) Leaf Extract, Tocopherol, Cetearyl Ethylhexanoate, Isopropyl Myristate, Cetearyl Phosphate, Polyglyceryl-2 Stearate, Synthetic Beeswax, Carbomer, Xanthan Gum, Disodium EDTA, Fragrance, Phenoxyethanol, Ethylhexylglycerin, Caprylyl Glycol, Hexylene Glycol, Sodium Hydroxide,,,,,,,,,,,,,,,,,,,,,,,,,,,,,,,,,,,B01N8UM9HR
100,Night Cream Hyaluronic Acid with Vitamin C E & Peptides - Water, Stearic Acid, Cetyl Alcohol, Glycerin, Sesamum Indicum Seed Oil..... Triticum Vulgare Germ oil, Olea Europaea (Olive ) Fruit Oil, Triethanolamine, Elaeis Guineensis (Palm) Kernel Oil, Phenoxyethanol, Prunus Persica(Peach) Kernel Oil, Daucus Carota Sativa Seed Oil, Carbomer, Aloe Barbadensis Leaf Extract, Sodium Hyaluronate Sorbic Acid,Tetrapeptide-7, Perfluorodecaline, Retinol (Vit A), Anthemis Nobilis Flower Extract, Chlorphenesin, Caprylyl Glycol, Ascorbic Acid, Helianthus Annus (Sunflower) Seed Oil, Tocopherol, Hydroxypropyl Cyclodextrin, Trideceth-2, Palmitoyl Tripeptide-38, BHT,,,,,,,,,,,,,,,,,,,,,,,,,,,,,,,,,,,,,,B074BFCT7F
101,Deionized Aqua (Water), Organic Aloe Barbadensis Leaf (Aloe), Sodium Ascorbyl Phosphate (Vitamin C), Methylsulfonylmethane (MSM), (Botanical Hyaluronic Acid), (Witch Hazel), Carbomer, (2s) 2-Amino 5-Guanidinopentanoic Acid, Kosher Vegetable Glycerin, Organic Jojoba Oil, Phenoxyethanol, Ethyl Hexyl Glycerin, D-Alpha Tocopheryl Acetate (Vitamin E), Organic Gotu Kola Extract, Organic Horsetail Plant Extract, Organic Geranium Extract, Organic Taraxacum Officinale (Dandelion Extract).,,,,,,,,,,,,,,,,,,,,,,,,,,,,,,,,,,,,,,,,,,,,,,,,B072WK1QLF
102,{alpha-and-beta-hydroxy-acids},,,,,,,,,,,,,,,,,,,,,,,,,,,,,,,,,,,,,,,,,,,,,,,,,,,,,,,,,,,,,,,,B010CRK7S0
103,Water/Aqua/Eau, Biosaccharide Gum-4, Glycerin, Propanediol, Hydroxyethylcellulose, Mica, Titanium Dioxide, Calcium Alginate, Gellan Gum, Xanthan Gum, Citric Acid, Tetrahexyldecyl Ascorbate (Vitamin C), Biosaccharide Gum-1, Vitis Vinifera (grape juice extract), Phenoxyethanol, Retinyl Palmitate (Vitamin A), DL Panthenol (Provitamin B5), Tocopheryl Acetate (Vitamin E), Yeast Extract, Orchis Mascula (Flower Extract), Simmondsia Chinensis (Jojoba Seed Extract), Sodium Hyaluronate, Spirulina Maxima Extract, Arnica (Montana Flower Extract), Camellia Sinensis (Leaf Extract), Magnesium PCA, Copper PCA, Zinc PCA, Sodium Chloride, Fragrance (Parfum).,,,,,,,,,,,,,,,,,,,,,,,,,,,,,,,,,,,B0060OFAE6
104,Simmondsia Chinensis Seed Oil (Organic Jojoba Oil), Vitis Vinifera Seed Oil (Grape seed Oil), Ricinus Communis Seed Oil (Organic Castor Oil), Helianthus Annuus Seed Oil (Organic Sunflower Oil), Rosa Canina Fruit Oil (Organic Rosehip Seed Oil), Lavandula Officinalis Flower Oil (Lavender Essential Oil), Hippophae Rhamnoides Oil (Sea Buckthorn Oil), Citrus Aurantium Bergamia Peel Oil (Bergamot Essential Oil). 73% Organic,,,,,,,,,,,,,,,,,,,,,,,,,,,,,,,,,,,,,,,,,,,,,,,,,,,,,,,,,B071X5KG5W
105,GATULINE,Retinol,Trylagen,Vitamin C,,,,,,,,,,,,,,,,,,,,,,,,,,,,,,,,,,,,,,,,,,,,,,,,,,,,,,,,,,,,,B06XW6LG9P
106, Water, Sodium Lauroamphoacetate, Glycerin, Sorbitol, Peg-200 Hydrogenated Glyceryl Palmate, Sodium Myristoyl Sarcosinate, Hydrated Silica, Acrylates Copolymer, Sodium Trideceth Sulfate, Salicylic Acid, Glycol Distearate, Citric Acid, Peg-7 Glyceryl Cocoate, Fragrance, Peg-100, Lauric Acid, Polyquaternium-10, Disodium Edta, Menthol, Bht, Methylisothiazolinone, Methylchloroisothiazolinone, Yellow 5, Red 40 Total Effects Anti-Aging Moisturizer,,,,,,,,,,,,,,,,,,,,,,,,,,,,,,,,,,,,,,,,,B01MSZB9FH
107,Aqua, Isopropyl Myristate, Cetearyl Alcohol, Ceteareth-20, Cetearyl Olivate, Sorbitan Olivate, Gylcerin, Hydrogenated Polyisobutene, Argan, Kernel Oil, Cyclopentasiloxane, Cyclotetrasiloxane, Dimethiconol, Evening Primrose Oil, Avocado Oil, Sodium Hyaluronate, Sodium PCA, Shea Butter, Wheat Amino Acids, Hydroxyproline, Hydrolyzed Rice Protein, Panthenol, Pea Protein, Glycine, Proline, Baobab Extract, Retinol, Tocopheryl Acetate, Xantham Gum, Phenoxyethanol, Potassium Sorbate, DMDM Hydantoin,,,,,,,,,,,,,,,,,,,,,,,,,,,,,,,,,B072TRNFHS
108,Organic Herbal Infusion, Organic Aloe, Organic Sunflower Oil, Glyceryl Stearate, Kosher Vegetable Glycerin, Octyl Palmitate, Glycolic Acid, Organic Coconut Oil, Squalane, Lactic Acid, Palm Oil, Hydrogenated Castor Oil, Methylsulfonylmethane (MSM),Cocoa Butter, Cetyl Alcohol, Cetearyl Alcohol, Cetearyl Glucoside, Stearyl Alcohol, Sodium Hydroxide, Potassium Stearate, Cucumis Sativus (Cucumber Distillate), Hyaluronic Acid, Sodium Ascorbyl Phosphate (Vitamin C), Organic Beeswax, Organic Jojoba Oil, Ubiquinone (Coenzyme Q10), Phytic Acid, Phospholipids, Dipeptide Diaminobutyroyl Benzylamide Diacetate, Grapeseed Oil, Organic Oregon Grape, Organic Green Tea, Camellia Oil, Avocado Oil, Organic Eyebright, Helichrysum Essential Oil, Organic Licorice, Lemongrass, Butylene Glycol, Ascorbyl Palmitate (Vitamin C Palmitate), Acetyl Hexapeptide-3, Tamanu Oil, Organic Borage Oil, Organic Flax Seed Oil, Organic Oenothera Biennis (Evening Primrose Oil),Organic Rosa Canina (Rose Hip Oil), Panthenol (Vitamin B5), Organic Arnica Montana (Arnica), Organic Lavandula Angustifolia (Lavender), Organic Calendula Officinalis (Calendula), Organic Anthemis Nobilis (Chamomile), Macadamia Ternifolia (Macadamia Nut Oil), Sodium Carbomer, Sclerotium Gum, Benzyl Alcohol, Potassium Sorbate, Tocopheryl (Antioxidant), Lecithin, Pyrus Malus (Apple), Citrus Medica Limonum (Lemon), Saccharum Officinarum (Sugar Cane), Xanthan Gum, Phenoxyethanol, Ethyl Hexyl Glycerin.,B0744ND7G1
109,Organic sweet almond oil, Organic carrot seed oil, Organic rose hip seed oil, Vitamin E, Retinols, Antioxidants, Vitamin A, Vitamin C, Vitamin E,,,,,,,,,,,,,,,,,,,,,,,,,,,,,,,,,,,,,,,,,,,,,,,,,,,,,,,,B075WF1S2H
110,Inactive Ingredients Water, Glycerin, Active Ingredients Purpose Active Ingredients Purpose Avobenzone (3.0%) Ensulizole (1.0%) Sunscreen Octisalate (5.0%) Stearic Acid, Glycol Stearate, Peg-100 Stearate, Dimethicone, Tocopheryl Acetate, Panthenol, Allantoin, Bisabolol, Glyceryl Stearate, Potassium Stearate, Carbomer, Caprylyl Glycol, Cetyl Alcohol, Xanthan Gum, Stearamide Amp, Phenoxyethanol, Disodium Edta, Methylisothiazolinone. Simple Skincare Contains No Animal Derived Ingredients.,,,,,,,,,,,,,,,,,,,,,,,,,,,,,,,,,,,,,,,,,,,,,B009RNUH7M
111,Pure High Potency Organic L -Ascorbic Acid, Hyaluronic Acid (Botanical), Potassium Sorbate, and Citric Acid. PH 2.5,,,,,,,,,,,,,,,,,,,,,,,,,,,,,,,,,,,,,,,,,,,,,,,,,,,,,,,,,,,,,B006KXW9YG
112,Aloe Barbadensis Gel (Aloe Vera), Cocos Nucifera (Coconut) Oil, Theobroma Cacao (Cocoa) Seed Butter, Leptospermum Scoparium Mel (Manuka Honey), Butyrospermum Parkii (Shea) Butter, Cehami (Centipeda Cunninghamii), Glycerin, Emulsifying Wax, Caprylic/Capric Triglyceride, Spirulina Maxima (Blue-Green Algae) Extract, Aphanizomenenon Flos-Aquae (Blue-Green Algae) Extract, Cannabis Sativa (Hemp) Seed Oil, Olea Europaea Fruit (Olive) Oil, Methylsulfynolmethane (MSM), Tocopherol (Vitamin E), Panthenol (Vitamin B5), Retinyl Palmitate (Vitamin A), Sodium Ascorbyl Phosphate (Vitamin C), Oat Amino Protein, Frangipani (Plumeria) Extract, Sacchromyces/Copper Ferment, Saccharomyces/Magnesium Ferment Hydrolysate, Saccharomyces/Potassium Ferment, Adenosine Triphosphate, Riboflavin (Vitamin B2), Manihot Esculenta (Tapioca) Starch, Sodium Hydroxide, Titanium Dioxide, Carbomer, Xanthan Gum, Chondrus Crispus (Carrageenan) Extract, Glucose, Sodium Hyaluronate, Gluconolactone, Sodium Benzoate, Phenoxyethanol,,,,,,,,,,,,,,,,,,,,,,,,,,,,,B00K3PRXBG
113,Aloe Barbadensis Leaf Juice, Isopropyl Myristate, Glycerin, Pyrus Malus (Apple) Fruit Extract, Hydrogenated Ethylhexyl Olivate, Cetearyl Alcohol, Hydrogenated Olive Oil Unsaponifiables , Glycine Soja (Soybean) Oil, Polyurethane Crosspolymer-1, Retinol, Oryza Sativa (Rice) Bran Extract, Rosmarinus Officinalis (Rosemary) Leaf Extract, Helianthus Annuus (Sunflower) Extract, Tocopherol, Cyamopsis Tetragonoloba (Guar) Gum, Avena Sativa (Oat) Bran Extract, Citrus Aurantium Dulcis (Orange) Peel Extract, Camellia Sinensis Leaf Extract, Disodium EDTA, Ammonium Acryloyldimethyltaurate/VP Copolymer, Fragrance, Phenoxyethanol, Caprylyl Glycol, Ethylhexylglycerin, Hexylene Glycol, Sodium Hydroxide,,,,,,,,,,,,,,,,,,,,,,,,,,,,,,,,,,,,,,,B01J8QLKTQ
114,Aqua (Water), Ethylhexyl Palmitate, Glycerin, Aleurites Moluccana (Kukui Nut) Seed Oil, Cetearyl Alcohol, Polyacrylamide, Polysorbate 60, Glyceryl Stearate, PEG-100 Stearate, Dimethyl MEA (DMAE), C13-14 Isoparaffin, Citric Acid, PEG/PPG-18/18 Dimethicone, Dimethicone, Caprylyl Glycol, Phenoxyethanol, Tetrahexyldecyl Ascorbate (Vitamin C Ester), L-Tyrosine, Parfum (Fragrance), Laureth-7, Hexylene Glycol, Hydrolyzed Wheat Protein, Tocopheryl Acetate, Citronellol, Geraniol, Hydrolyzed Wheat Starch, Thioctic Acid (Alpha Lipoic Acid), Hydroxycitronellal, Butylphenyl Methylpropional, Benzyl Benzoate, Eugenol.,,,,,,,,,,,,,,,,,,,,,,,,,,,,,,,,,,B002KANWU8
115,Deionized Water, Sodium Hyaluronate, Aloe Barbadensis Juice, Phenoxyethanol, Witch Hazel Extract, Acrylates/C 10-30 Alkyl Acrylate Crosspolymer, MSM, Potassium Sorbate, Tocopheryl Acetate, Sodium Hydroxide, Tetrahexyldecyl Ascorbate, Lavender Oil, L-Arginine,,,,,,,,,,,,,,,,,,,,,,,,,,,,,,,,,,,,,,,,,,,,,,,,,,,,B016EMTM2Y
116,Water(Aqua), Malus Domestica Fruit Cell Culture Extract, lecithin, glycerin, xanthan gum, butylene glycol, carbomer, polysorbate 20, palmitoyl oligopeptide, palmitoyl, tetrapeptide-7, propanediol, polyglutamic acid, Hydroxyethylcellulose, Benzyl alcohol, Propylene Glycol, phenoxyethanol, Dehydroacetic Acid, Fragrance.,,,,,,,,,,,,,,,,,,,,,,,,,,,,,,,,,,,,,,,,,,,,,,B00G3K12NU
117,Propylparaben, Isobutylparaben, Polysorbate 20, Ginseng (Panax Ginseng) Root Extract, Morus Alba (Mulberry) Leaf Extract, Tocopherol (Natural Vitamin E), Palmitoyl Oligopeptide, Palmitoyl Tetrapeptide,,,,,,,,,,,,,,,,,,,,,,,,,,,,,,,,,,,,,,,,,,,,,,,,,,,,,,,,,B00JZKIO68
118,Organic Jojoba Oil, Organic Rose Water, Organic Witch Hazel, Organic Rose Hip Oil, Organic Hemp Oil, Organic Extra Virgin Olive Oil, Propolis, Carrot Seed Oil, Beeswax, Royal Jelly, Rose, Neroli and Frankincense Essential Oils.,,,,,,,,,,,,,,,,,,,,,,,,,,,,,,,,,,,,,,,,,,,,,,,,,,,,,B00J9USSI8
119, Avobenzone 3%, homosalate 12%, octisalate 5%, octocrylene 1.7%, oxybenzone 3%. Inactive Ingredients,,,,,,,,,,,,,,,,,,,,,,,,,,,,,,,,,,,,,,,,,,,,,,,,,,,,,,,,,,,,B001IJ4KWQ
120,Water, Sea kelp, Jojoba Seed Oil, Squalane, Sorbitol, Butylene Glycol, Sesame Seed Oil, Sweet Almond Oil, Avocado Seed Oil, Alpha-D-Tocopherol (Vitamin E), Hyaluronic Acid, Hydrolyzed Collagen, Niacinamide (Vitamin B3), Ascorbyl Palmitate (Vitamin C), Alpha Lipoic Acid, Astaxanthin, Beta-Carotene (Vitamin A), Fucoxanthin, Porphyridium Polysaccharide , Tocotrienols (Vitamin E), Tocopherols (Vitamin E), Lycopene, Xanthophyll, Cholecalciferol (Vitamin D), Phytonadione (Vitamin K), Pomegranate Seed Oil, Xylitol, Citric Acid, Potassium Sorbate, Phenoxyethanol, Caprylyl Glycol, Sorbic Acid.,,,,,,,,,,,,,,,,,,,,,,,,,,,,,,,,,B06XKPBHF2
121,Includes Jojoba Oil, Tripeptide-10, Tripeptide-1, Acmella Flower extract, Green Tea Leaf extract, Retinol, Vitamin C (ascorbic acid) ...more,,,,,,,,,,,,,,,,,,,,,,,,,,,,,,,,,,,,,,,,,,,,,,,,,,,,,,,,,,B00K58NEIM
122,Orchid Extract, Camellia Flower Oil, Squalane, Jasmine Sambac Oil, Jojoba Oil,,,,,,,,,,,,,,,,,,,,,,,,,,,,,,,,,,,,,,,,,,,,,,,,,,,,,,,,,,,,B00QR1OM7I
123, Petrochemicals, sulfates, parabens, phthalates, synthetic fragrance or color, TEA, DEA, Glycols, silicones, or PEGs. Tested only on humans. In simple terms,,,,,,,,,,,,,,,,,,,,,,,,,,,,,,,,,,,,,,,,,,,,,,,,,,,,,,,B00O25NI7Q
124,Retinol, Vitamin B5, Organic Aloe, Organic Sunflower oil, Stearic Acid, Botanical Hyaluronic Acid, Organic Jojoba Oil, Shea Butter, Vitamin E, Organic Green Tea, Propolis Extract, Organic Gotu Kola, Horsetail, Wild Geranium, Organic Dandelion, Pentylene Glycol, Lecithin, Phenoxyethanol.,,,,,,,,,,,,,,,,,,,,,,,,,,,,,,,,,,,,,,,,,,,,,,,B0749C95SP
125,Water (Aqua, Eau), Mineral Oil (Paraffinum Liquidum, Huile Minerale), Propylene Glycol, Peg-100 Stearate, Glyceryl Stearate, Stearic Acid, Phenoxyethanol, Carthamus Tinctorius (Safflower) Seed Oil, Triethanolamine, Carbomer, Methylparaben, Dimethicone, Cetyl Alcohol, Ethylparaben, Fragrance (Parfum), Tetrasodium Edta, Linalool, Hexyl Cinnamal, Hydrolyzed Elastin, Coumarin, Geraniol, Ascorbic Acid, Sorbitol, Sambucus Nigra Flower Extract, Primula Veris Extract, Helianthus Annuus (Sunflower) Extract, Chamomilla Recutita (Matricaria) Flower Extract, Viola Tricolor Extract, Tocopheryl Acetate, Collagen, Yellow 5 (Ci 19140), Red 4 (Ci 14700), Red 33 (Ci 17200), Blue 1 (Ci 42090).,,,,,,,,,,,,,,,,,,,,,,,,,,,,,B004O277RO
126,Water (Aqua, Eau), Mineral Oil (Paraffinum Liquidum, Huile Minerale), Propylene Glycol, Peg-100 Stearate, Glyceryl Stearate, Stearic Acid, Phenoxyethanol, Carthamus Tinctorius (Safflower) Seed Oil, Triethanolamine, Carbomer, Methylparaben, Dimethicone, Cetyl Alcohol, Ethylparaben, Fragrance (Parfum), Tetrasodium Edta, Linalool, Hexyl Cinnamal, Hydrolyzed Elastin, Coumarin, Geraniol, Ascorbic Acid, Sorbitol, Sambucus Nigra Flower Extract, Primula Veris Extract, Helianthus Annuus (Sunflower) Extract, Chamomilla Recutita (Matricaria) Flower Extract, Viola Tricolor Extract, Tocopheryl Acetate, Collagen, Yellow 5 (Ci 19140), Red 4 (Ci 14700), Red 33 (Ci 17200), Blue 1 (Ci 42090).,,,,,,,,,,,,,,,,,,,,,,,,,,,,,B00FS7MS0K
127,Rose Distillate, Aloe Vera Juice, Kosher Vegetable Glycerin, Avocado Oil, DMAE, Emulsifying Wax NF, Meadowfoam Seed Oil, Pomegranate Fruit Extract, Organic Orange Fruit Extract, Organic Lemon Extract, Organic Cranberry Extract, Vitamin E, Vitamin C Ester, Ethylhexylglycerin, Phenoxyethanol, Coenzyme Q10, Pro Vitamin A, Vitamin A, Alpha Lipoic Acid DL- Thioctic Acid, Panthenol Vitamin B5, Vitamin B3, Carrot Oil, Lecithin, Citric Acid.,,,,,,,,,,,,,,,,,,,,,,,,,,,,,,,,,,,,,,,,,B00LV5NY3I
128,Water, Glycerin, Polymethylsilsesquioxane, Niacinamide, Polyethylene, Pentylene Glycol, Tocopheryl Acetate, Panthenol, Dimethicone, Acrylamide/Sodium Acryloyldimethyltaurate Copolymer, Benzyl Alcohol, Stearyl Alcohol, Hydroxyethyl Acrylate/Sodium Acryloyldimethyl Taurate Copolymer, Behenyl Alcohol, PEG-100 Stearate, Cetyl Alcohol, C13-14 Isoparaffin, Isohexadecane, Methylparaben, Fragrance, Ethylparaben, Propylparaben, Cetearyl Glucoside, Cetearyl Alcohol, Dimethiconol, Laureth-7, Polysorbate 60, Stearic Acid, Disodium EDTA, Iodopropynyl Butylcarbamate, Titanium Dioxide.,,,,,,,,,,,,,,,,,,,,,,,,,,,,,,,,,,B00HB2JQNM
129,Aloe Barbadensis Leaf Juice (Aloe Vera), Cocos Nucifera (Coconut) Oil,  Theobroma Cacao (Cocoa) Seed Butter, Leptospermum Scoparium Mel (Manuka  Honey), Butyrospermum Parkii (Shea) Butter, Cehami (Centipeda  Cunninghamii), Glycerin, Emulsifying Wax, Caprylic/Capric Triglyceride,  Spirulina Maxima (Blue-Green Algae) Extract, Aphanizomenenon Flos-Aquae  (Blue-Green Algae) Extract, Hemp Seed Oil, Olea  Europaea Fruit (Olive) Oil, Methylsulfynolmethane (MSM), Tocopherol  (Vitamin E), Panthenol (Vitamin B5), Retinyl Palmitate (Vitamin A),  Sodium Ascorbyl Phosphate (Vitamin C), Oat Amino Protein, Frangipani  (Plumeria) Extract, Sacchromyces/Copper Ferment, Saccharomyces/Magnesium  Ferment Hydrolysate, Saccharomyces/Potassium Ferment, Adenosine  Triphosphate, Riboflavin (Vitamin B2), Manihot Esculenta (Tapioca)  Starch, Sodium Hydroxide, Titanium Dioxide, Carbomer, Xanthan Gum,  Chondrus Crispus (Carrageenan) Extract, Glucose, Sodium Hyaluronate,  Gluconolactone, Sodium Benzoate, Phenoxyethanol,,,,,,,,,,,,,,,,,,,,,,,,,,,,,B00QZ3V3WU
130,Water; Glycerin; Niacinamide*; Isohexadecane; Dimethicone; Isopropyl Isostearate; Cocos Nucifera (Coconut) Oil; Panthenol**; Tocopheryl Acetate***; Magnesium Ascorbyl Phosphate; Camellia Sinensis Leaf Extract; Glycine Soja (Soybean) Seed Extract; Zingiber Officinale (Ginger) Root Extract; Hydrolyzed Wheat Protein; Sucrose Polycottonseedate; Titanium Dioxide; Zinc Oxide; Polyacrylamide; Stearyl Alcohol; Cetyl Alcohol; Behenyl Alcohol; Polymethylsilsesquioxane; C13-14 Isoparaffin; Dimethiconol; Laureth-7; Cetearyl Glucoside; Cetearyl Alcohol; PEG-100 Stearate; Stearic Acid; Sodium Phenoxyethanol; Benzyl Alcohol; Disodium EDTA; Methylparaben; Ethylparaben; Propylparaben; Fragrance; Yellow 5; Red 40; *Vitamin B3; **Pro-Vitamin B5; ***Vitamin E,,,,,,,,,,,,,,,,,,,,,,,,,,,,,,,,,,,,,,,,,,,,,,,,,,,,,,,,,,,,,,,,B0012J30KU
131, Organic Aloe, Glycolic Acid, Organic Sunflower Oil, Lactic Acid, Squalane (Olive Oil based), Organic Coconut, Cocoa Butter, Organic Jojoba, Camellia Oleifera Seed Oil, Evening Primrose Oil, Avocado Oil, Tamanu Oil, Organic Rosehip, Grapseed Oil, botanical Hyaluronic Acid, MSM, Vitamin B5, Vitamin E, CoQ10, Green Tea, Cucumber, Eyebright, Orange, Lemon, Lemongrass, Peptides, Apple, Sugar Cane, Organic Licorice, Oregon Grape, Vitamin C, Lecithin,,,,,,,,,,,,,,,,,,,,,,,,,,,,,,,,,B00R5B3POA
132,Cyclopentasiloxane, Squalane, Dimethiconol, Ethoxyheptyl Bicyclooctanone, Ubiquinone, Dunaliella Salina Extract, Tetrahexyldecyl Ascorbate, Camellia Sinensis Leaf Extract, Carthamus Tinctorius (Safflower) Seed Oil, Oenothera Biennis (Evening Primrose) Oil, Tocopheryl Linoleate/Oleate, Commiphora Mukul Resin Extract, Retinyl Palmitate, Echinacea Purpurea Extract, Centella Asiatica Extract, Octyldodecyl Citrate Crosspolymer, Tocopheryl Acetate, Polydecene, Caprylic/Capric Triglyceride, Dimethicone, Zea Mays (Corn) Oil.,,,,,,,,,,,,,,,,,,,,,,,,,,,,,,,,,,,,,,,,,,,,B00ES8OAEW
133,97.4% natural. We take pride in using the highest concentration of natural and active ingredients safely and efficaciously. Rosehip Oil, Vitamin E, Borage Oil,,,,,,,,,,,,,,,,,,,,,,,,,,,,,,,,,,,,,,,,,,,,,,,,,,,,,,,,,,,,,,B00KWP3SA2
134,Active IngredientsAvobenzone 3% (sunscreen)Homosalate 12%( sunscreen)Octisalate 5% (sunscreen)Octocrylene 5%(sunscreen)Oxybenzone 3% (sunscreen)Inactive IngredientsWater, butylene glycol, C12-15 alkyl benzoate, tetrahydroxypropyl ethylenediamine, silica, cetearyl alcohol, cyclopentasiloxane, benzyl alcohol, dimethicone, steareth-2,glyceryl stearate, steareth-21, phenoxyethanol, citric acid, polyacrylamide, aluminum starch octenylsuccinate, cetearyl glucoside, dimethicone/vinyl dimethicone crosspolymer, fragrance, arachidyl alcohol, PEG-100 stearate, C13-14 isoparaffin, disodium EDTA, methylparaben, ethylparaben, behenyl alcohol, acrylates/C10-30 alkyl acrylate crosspolymer, propylparaben, pentaerythrityl tetra-dit-butyl hydroxyhydrocinnamate, arachidyl glucoside, laureth-7, polymethyl methacrylate, tocopheryl acetate, pantothenic acid, retinyl palmitate, ascorbic acid,,,,,,,,,,,,,,,,,,,,,,,,,,,,,B076B3ZSDN
135,Purified Water, Glycerin, Ceteareth-20 and Cetearyl Alcohol, Caprylic/Capric Triglyceride, Behentrimonium Methosulfate, Cetearyl Alcohol, Cetyl Alcohol, Ceramide 3, Ceramide 6-II, Ceramide 1, Hyaluronic Acid, Cholesterol, Petrolatum, Dimethicone, Potassium Phosphate, Dipotassium Phosphate, Sodium Lauroyl Lactylate, Disodium EDTA, Phenoxyethanol, Methylparaben, Propylparaben, Phytosphingosine, Carbomer, Xanthan Gum,,,,,,,,,,,,,,,,,,,,,,,,,,,,,,,,,,,,,,,,,B001V9SXXU
136,Water, Shea Butter (Butyrospermum Parkii), Cocoa (Theobroma Cacao) Butter, Garcinia indica (Kokum) Butter, Glycerin, Cocos Nucifera (Coconut) Oil, Glyceryl Stearate, PEG-100 Stearate, Cetearyl Alcohol, Persea Gratissima (Avocado) Oil, Rosa Moschata (Rose Hip) Seed Oil, Simmondsia Chinensis (Jojoba) Seed, Citrus Sinensis (Sweet Orange) Oil, Isopropyl Myristate, Potassium Sorbate, Tocopherol (Vitamin E), Xanthan Gum, Carbopol, Phenoxyethanol, Disodium EDTA.,,,,,,,,,,,,,,,,,,,,,,,,,,,,,,,,,,,,,,,,,,,,,B01LBK4BFC
137,Certified Organic Shea Butter. Contains essential fatty acids & vitamins A, D, E, & F. These provide antioxidants and assist with UV Ray Protection (although is not a sun block in and of itself.) Be sure you buy Certified ORGANIC Shea Butter. We think your health is worth it so we pay the difference for CERTIFIED Organic so our customers are safe and secure in what they buy from us!,,,,,,,,,,,,,,,,,,,,,,,,,,,,,,,,,,,,,,,,,,,,,,,,,,,,,,,,,,,,,B01ADUDJ2M
138,AQUA/WATER, GLYCERIN, ALCOHOL DENAT., DIMETHICONE, ISONONYL ISONONANOATE, ASCORBYL GLUCOSIDE, BIOSACCHARIDE GUM-1, CAPRYLYL GLYCOL, CARBOMER, CHLORPHENESIN, CI 14700/RED 4, DIMETHICONOL, MENTHOXYPROPANEDIOL, NYMPHAEA ALBA EXTRACT/NYMPHAEA ALBA FLOWER EXTRACT, PANTHENOL, PHENOXYETHANOL, PYRUS MALUS WATER/APPLE FRUIT WATER, SODIUM HYDROXIDE, SODIUM PALMITOYL PROLINE, TETRASODIUM EDTA, TOCOPHERYL ACETATE, XANTHAN GUM, PARFUM/FRAGRANCE.,,,,,,,,,,,,,,,,,,,,,,,,,,,,,,,,,,,,,,,,,,B00V5LHWVS
139,Retinol, Shea Butter, Propolis, Green Tea, Vitamin E, Vitamin B5, Jojoba Oil,,,,,,,,,,,,,,,,,,,,,,,,,,,,,,,,,,,,,,,,,,,,,,,,,,,,,,,,,,B01N7L0WA6
140, With Natural Botanicals Water (Aqua), Lauryl Polyglucose, Oleyl Betaine, Disodium Oleamido PEG-2 -Sulfosuccinate, Decyl Glucoside, PEG-7 Glyceryl Cocoate, Aloe barbadensis Extract, Propanediol (Zemea), Hamamelis virginiana Extract, Cucumis sativus (Cucumber) Extract, Urtica dioica (Nettle) Extract, Olea europaea (Olive) Fruit Extract, Avena Sativa (Oat) Amino Acid, Ascorbic Acid, Wasabia japonica Root Extract, Sodium C8-16 Isoalkylsuccinyl Lactoglobulin Sulfonate, Oleum cajepoti (Cajeput) Oil, Cymbopogon schoenanthus (Lemon Grass) Oil, Thymus vulgaris (Thyme) Oil, Salvia officinalis (Sage) Extract, Lavandula angustifolia (Lavender) Oil, Cinnamomum zeylanicum (Cinnamon) Bark Extract, Cananga odorata (Ylang Ylang) Oil, Citrus aurantium dulcis (Orange) Oil, Azulene, Phenoxyethanol, Potassium Sorbate, Ethylhexylglycerin, Tetrasodium EDTA.Toner,,,,,,,,,,,,,,,,,,,,,,,,,,,,,,,,,,,,B06XZVZXWC
141,Aloe Leaf Juice*, Rooibos Extract*, DMAE, Jojoba Seed Oil*, Green Tea Extract*, Glycerin, Hyaluronic Acid, White Tea Leaf*, MSM, Emulsifying Wax, White Willow Bark Extract*, Vitamin B-3, Vitamin E, Xanthan Gum, Eucalyptus Leaf Oil, Peppermint Leaf Oil, Lemongrass Oil. *Certified Organic. Highest-grade natural ingredients. 100% certified organic ingredients. NO Petrochemicals, sulfates, parabens, phthalates, synthetic fragrance or color, TEA, DEA, Glycols, silicones, or PEGs. Item is vegan.,,,,,,,,,,,,,,,,,,,,,,,,,,,,,,,,,,,,,,,B00O92QE8M
142,Purified Water, Ascorbic acid, Hyaluronic acid, Glycerin, Niacinamide, 1.2 Hexanediol, Hydroxyethylcellulose,,,,,,,,,,,,,,,,,,,,,,,,,,,,,,,,,,,,,,,,,,,,,,,,,,,,,,,,,,B01MZ0ZPO4
143,Behentrimonium methosulfate, 2-Ethylhexyl sodium sulfate solution, Isopropyl alcohol, Poly(oxyethylene) (oxypropylene)-monoallyl ether, Polyethylene glycol, Silicone, Silicone polyether copolymer, Sodium sulfate, Water,,,,,,,,,,,,,,,,,,,,,,,,,,,,,,,,,,,,,,,,,,,,,,,,,,,,,,,,B00CZQ8SAG
144,Purified Water, Organic Extra Virgin Olive Oil, Beeswax with Pollen & Propolis, Raw Hawaiian Honey, Vitamin E, Bergamot Essential Oil (Bergapten Free), Amyris Sandalwood Essential Oil. Handmade by Holistic BeeKeepers in Hawaii.,,,,,,,,,,,,,,,,,,,,,,,,,,,,,,,,,,,,,,,,,,,,,,,,,,,,,,,,,,B00DTTYF6E
145,Organic Herbal Infusion, Organic Aloe, Witch Hazel, Botanical Hyaluronic Acid (5%), Kosher Vegetable Glycerin, MSM, Hydroxyethyl Cellulose, Carrageenan Gum, Organic Jojoba Oil, Wildcrafted Green Tea, Geranium Essential Oil, Vitamin C (Sodium Ascorbyl Phosphate), Vitamin E (Tocopheryl Acetate), Sodium Benzoate, Potassium Sorbate, Ethyl Hexyl Glycerin 72% ORGANIC, 100% VEGAN.,,,,,,,,,,,,,,,,,,,,,,,,,,,,,,,,,,,,,,,,,,,,,,,,B075B2J6M7
146,Aqua (purified, deionized water), sea algae extract (wild-crafted), prunus armeniaca (apricot kernel oil), oat beta glucan, squalane (olives), rosa damascena (rose hydrosol),* glycerin, triticum vulgare (wheat germ oil),* borago officinalis (borage oil), butyrospermum parkii (shea butter),* lecithin, extracts of camelia sinensis (green tea),* rosa centifolia (rosebud)* & urtica dioica (nettle),* plant phospholipids, superoxide dismutase, tocopheryl acetate (vitamin E), retinyl palmitate (vitamin A), ascorbyl palmitate (vitamin C), aloe barbadensis (aloe vera gel), essential oils of rosa damascena (rose)* & tilia cordata (linden blossom),* calophyllum inophyllum (foraha oil), capryloyl glycine, undecylenoyl glycine, ascorbic acid, xanthan, lonicera japonica (japanese honeysuckle) extract *Certified Organic Our ingredients and products are never tested on animals.,,,,,,,,,,,,,,,,,,,,,,,,,,,,,,,,,,,,,,B0014YCI24
147,Water, Glycerin, Isohexadecane, Steareth-21, Cyclopentasiloxane, Acrylamide/Sodium Acryloyldimethyltaurate Copolymer, Stearyl Alcohol, Sucrose Polycottonseedate, Behenyl Alcohol, C13-14 Isoparaffin, Dmdm Hydantoin, Tocopheryl Acetate, Cetyl Alcohol, Peg/Ppg-20/20 Dimethicone, Laureth-7, Steareth-2, Disodium Edta, Triethoxycaprylylsilane, Oleth-3 Phosphate, Iodopropynyl Butylcarbamate, Aloe Barbadensis Leaf Extract.,,,,,,,,,,,,,,,,,,,,,,,,,,,,,,,,,,,,,,,,,,,,B000052YQ2
148, Water, propylene glycol, glycerin, dimethicone, steareth-2, ethylhexyl palmitate, isononyl isononanoate, butyrospermum parkii (shea) butter, styrene/acrylates copolymer, methyl methacrylate crosspolymer, steareth-21, hexylresorcinol,behenyl alcohol, bisabolol, ascorbyl glucoside, anhydroxylitol, xylitol, xylitylglucoside, dimethicone crosspolymer, caprylyl glycol, ammonium acryloyldimethyltaurate/VP copolymer, sclerotium gum, disodium EDTA, sodium hydroxide, mica, titanium dioxide, methylparaben, propylparaben, ethylparaben, phenoxyethanol, fragrance,,,,,,,,,,,,,,,,,,,,,,,,,,,,,,,,,,B00HNSSPHC
149, *Vitamin C is key to the production of collagen, a protein that aids in the growth of cells and blood vessels and gives skin its firmness and strength. Vitamin C also helps create scar tissue and ligaments, slows the rate of free-radical damage, and helps your skin repair itself. *Shea butter helps to improve skin tone and elasticity while moisturizing to help skin appear smoother, making wrinkling less noticeable. *Glycerin is a known humectant in cosmetics and personal care products. It has the ability to attract or draw water from air which helps maintain the skin's water balance on an intercellular level. *Retinol Palmitate a derivative of vitamin A, reduces the appearance of fine lines and deep wrinkles to improve the look of collagen-depleted skin, while complementing the skin's natural process to reduce the appearance of pore size. *Marine collagen is a botanical ingredient that replenishes the connective tissue supporting the skin structure and works to deeply hydrate skin for healthy, resilient skin cells. *Resveratrol is a naturally-occurring polyphenols antioxidant that is found in some plant products like grapes and cocoa and defend against rough environments like excessive ultraviolet light, infections and climate changes.,,,,,,,,,,,,,,,,,,,,,,,,,,,,,,,,,,,,,,,,,,,,,,,,,,,,,,,,B0714KLR5G
150,Water (Aqua) , Cetearyl Alcohol, Mineral Oil, Glyceryl Stearate SE, Cocos Nucifera (Coconut) Oil, Isopropyl Myristate, Glycerin, Butylene Glycol, Ceteareth-20, Butyrospermum Parkii (Shea) Butter, Caprylic/Capric Triglyceride, Aloe Barbadensis Leaf Juice, Chondrus Crispus Extract, Sodium Hyaluronate, Squalene, Tocopheryl Acetate, Borago Officinalis Seed Oil, Punica Granatum Seed Oil, Limnanthes Alba (Meadowfoam) Seed Oil, Panthenol, Disodium EDTA, Ceramide 2, Fragrance, Acrylates/C10-30 Alkyl Acrylate Crosspolymer, Phenoxyethanol, Caprylyl Glycol, Ethylhexylglycerin, Hexylene Glycol, Sodium Hydroxide,,,,,,,,,,,,,,,,,,,,,,,,,,,,,,,,,,,,B06XHPB9SG
151,98.6% NATURAL. AQUA, BUTYROSPERMUM PARKII BUTTER, CETEARYL ALCOHOL, ,3 PROPANEDIOL, CAPRYLIC/CAPRIC TRIGLYCERIDE SODIUM MAGNESIUM SILICATE & XANTHAN GUM & CITRIC ACID, RETINOL, SODIUM HYALURONATE, SODIUM ASCORBYL PHOSPHATE, PANTHENOL, ROSA CANINA FRUIT EXTRACT, CAMELLIA SINENSIS LEAF EXTRACT, CHAMOMILLA RECUTITA (MATRICARIA) EXTRACT, ALOE BARBADENSIS LEAF JUICE, VACCINIUM ANGUSTIFOLIUM (BLUEBERRY) FRUIT EXTRACT, VACCINIUM MACROCARPON (CRANBERRY) FRUIT EXTRACT, LYCIUM BARBARUM (GOJI) FRUIT EXTRACT, EUTERPE OLERACEA (ACAI) FRUIT OIL, CORYLUS AMERICANA (HAZEL) SEED OIL, MACADAMIA TERNIFOLIA (MACADAMIA NUT) SEED OIL, MANGIFERA INDICA (MANGO) SEED BUTTER, RUBUS IDEAUS (RED RASPBERRY) SEED OIL , ZEA MAYS (CORN) OIL, PRUNUS AMYGDALUS DULCIS (SWEET ALMOND) OIL, BETA GLUCAN, ALLANTOIN, ETHYLHEXYL GLYCERIN, PHENYLPROPANOL, PROPANEDIOL, CAPRYLYL GLYCOL,TOCOPHEROL, SODIUM CITRATE, P ANISIC ACID, LECITHIN Individual results can and will vary. OZNaturals Skincare products are purely cosmetic in nature and do not claim to cure/treat/prevent any skin related disorders. If you are allergic to any ingredients listed, are under medical treatment or on any medications for your skin, please consult with your physician prior to use.,,,,,,,,,,,,,,,,,,,,,,,,,,,,,B01N2BKB0X
152,Water/Eau, Glycerin, Cyclopentasiloxane, Niacinamide, Dimethicone, Butylene Glycol, Propylene Glycol, Sodium Hyaluronate, Tocopheryl Acetate, Panthenol, Lonicera Japonica (Honeysuckle) Flower Extract, Aluminum Starch Octenylsuccinate, Glycereth-25 PCA Isostearate, Polyacrylamide, Acrylates/C10-30 Alkyl Acrylate Crosspolymer, Aminomethyl Propanol, Phenoxyethanol, Dimethiconol, C13-14 Isoparaffin, Methylparaben, Titanium Dioxide, Laureth-7, Propylparaben, Fragrance/Parfum, Ethylparaben, Disodium EDTA, Iodopropynyl Butylcarbamate (Vitamin/Vitamine B3, Hyaluronic Acid/Acide Hyaluronique, Vitamin/Vitamine E, Pro-Vitamin/Provitamine B5),,,,,,,,,,,,,,,,,,,,,,,,,,,,,,,,,,,B07253CXJW
153,Purified Water, Camellia Sinensis (Green Tea) Infusion*, Avena Sativa (Oatstraw) Infusion*, Althaea Officinalas (Marshmallow Root) Infusion*, Symphytum Officinale (Comfrey Root) Infusion*, Calendula Officinalis (Pot Marigold) Infusion*, Sambucus Nigra (Elder Flowers) Infusion*, Stellaria Media (Chickweed) Infusion*, Chondrus Crispus (Seaweed) Extract*, Vegetable Glycerin, Olive Squalane Oil, Butyrospermum Parkii (Shea Butter)**, Vegetable Emulsifying Wax NF, Carthamnus Tinctorius (High Oleic Safflower) Oil*, Persea Gratissima (Avocado) Oil*, Simmondsia Chinensis (Jojoba Seed) Oil*, Triticum Vulgare (Wheat Germ) Oil, Rosa Damascena (Bulgarian Rose) Hydrosol*, Borago Officinalis (Borage Seed) Oil*, Daucus Carota Sativa (Carrot) CO2*, Rosa Canina (Rosehips) CO2*, Glycine Soja (Soy Lecithin) Oil, Vitamin C Palmitate (Ascorbyl Palmitate), Rosmarinus Officinalis (Rosemary) CO2*, Salvia Officinalis (Sage) CO2*, Citrus Paradisi (Grapefruit) Extract *Certified Organic **Wildcrafted,,,,,,,,,,,,,,,,,,,,,,,,,,,,,,,,,,,,,,,B001LXSP0W
154,Aqua (Water), Butylene Glycol, Lactobionic Acid, Glycerin, Polysorbate 80, Arginine, Retinyl (Vitamin A) Palmitate, Tocopheryl (Vitamin E) Acetate, Tetrahexyldecyl (Vitamin C) Ascorbate, Polyquaternium-10, Disodium EDTA, Chlorphenesin, Methylparaben.,,,,,,,,,,,,,,,,,,,,,,,,,,,,,,,,,,,,,,,,,,,,,,,,,,,,B0016WH540
155,None,,,,,,,,,,,,,,,,,,,,,,,,,,,,,,,,,,,,,,,,,,,,,,,,,,,,,,,,,,,,,,,,B0149NNL86
156,Rose Distillate, Aloe Vera Juice, Kosher Vegetable Glycerin, Avocado Oil, DMAE, Emulsifying Wax NF, Meadowfoam Seed Oil, Pomegranate Fruit Extract, Organic Orange Fruit Extract, Organic Lemon Extract, Organic Cranberry Extract, Vitamin E, Vitamin C Ester, Ethylhexylglycerin, Phenoxyethanol, Coenzyme Q10, Pro Vitamin A, Vitamin A, Alpha Lipoic Acid DL- Thioctic Acid, Panthenol Vitamin B5, Vitamin B3, Carrot Oil, Lecithin, Citric Acid.,,,,,,,,,,,,,,,,,,,,,,,,,,,,,,,,,,,,,,,,,B073SD374T
157,Dimethicone, Cyclomethicone, dl-Tocopheryl Acetate (Vitamin E), Squalene (99% Pure), Trihydroxypalmitamidohydroxy-propyl Myristyl Ether HO3 (Ceramide), Retinyl Palmitate (Vitamin A), Grape Seed Extract, Orange Blossom Extract (Vitamin C), Evening Primrose Extract, Tocotrienol, Cucumber Extract, Annatto Extract.,,,,,,,,,,,,,,,,,,,,,,,,,,,,,,,,,,,,,,,,,,,,,,,,,,,,,B00D14COHY
158,Aloe Vera, Cehami, Shea Butter, Coconut Oil, Blue Green Algae, Manuka Honey- (See picture of back label for full ingredients list),,,,,,,,,,,,,,,,,,,,,,,,,,,,,,,,,,,,,,,,,,,,,,,,,,,,,,,,,,,B00R3B58VA
159,water, glycerin, polyethylene, dimethicone, isopropyl isostearate, hydroxyethyl acrylate/sodium acryloyldimethyl taurate copolymer, propylene glycol, niacinamide, panthenol, tocopheryl acetate, stearyl alcohol, caprylyl glycol, behenyl alcohol, 1,2-hexanediol, phenoxyethanol, cetyl alcohol, dimethiconol, PEG-100 stearate, fragrance, sodium benzoate, cetearyl glucoside, cetearyl alcohol, disodium EDTA, stearic acid, palmitic acid, ascorbic acid, Avobenzone, Homosalate, Octisalate, Octocrylene,,,,,,,,,,,,,,,,,,,,,,,,,,,,,,,,,,B001G7PMYA
160,Dimethicone, Ethylhexyl Methoxycinnamate, Dimethicone/Peg-10/15 Crosspolymer, Panthenol, Glucosyl Hesperidin, Undecylenoyl Phenylalanine, Sodium Chloride, Dimethicone/Vinyl Dimethicone Crosspolymer, Methylparaben, Triethanolamine, Fragrance, Sodium Benzoate, Ethylparaben. Vitamin B3, Pro-Vitamin B5,,,,,,,,,,,,,,,,,,,,,,,,,,,,,,,,,,,,,,,,,,,,,,,,,,,B076BW6SS6
161,Certified Organic Aloe Barbadensis Leaf (Aloe Vera) Juice, Certified Organic Prunus Armeniaca (Apricot) Kernel Oil, Certified Organic Vitis Vinifera (Grape) Seed Oil, Certified Organic Persea Americana (Avocado) Oil, Certified Organic Glycerin (Vegetable), Stearic Acid (Vegetable), Emulsifying Wax NF (Vegetable - Made From Organic Coconut Oil And Organic Almond Oil), Certified Organic Pimpinella Anisum (Star Anise) Seed Oil.,,,,,,,,,,,,,,,,,,,,,,,,,,,,,,,,,,,,,,,,,,,,,,,,,,,,,,,,,B00G0EJYFW
162,Active IngredientsAvobenzone 3% (sunscreen)Homosalate 12%( sunscreen)Octisalate 5% (sunscreen)Octocrylene 5%(sunscreen)Oxybenzone 3% (sunscreen)Inactive IngredientsWater, butylene glycol, C12-15 alkyl benzoate, tetrahydroxypropyl ethylenediamine, silica, cetearyl alcohol, cyclopentasiloxane, benzyl alcohol, dimethicone, steareth-2,glyceryl stearate, steareth-21, phenoxyethanol, citric acid, polyacrylamide, aluminum starch octenylsuccinate, cetearyl glucoside, dimethicone/vinyl dimethicone crosspolymer, fragrance, arachidyl alcohol, PEG-100 stearate, C13-14 isoparaffin, disodium EDTA, methylparaben, ethylparaben, behenyl alcohol, acrylates/C10-30 alkyl acrylate crosspolymer, propylparaben, pentaerythrityl tetra-dit-butyl hydroxyhydrocinnamate, arachidyl glucoside, laureth-7, polymethyl methacrylate, tocopheryl acetate, pantothenic acid, retinyl palmitate, ascorbic acid,,,,,,,,,,,,,,,,,,,,,,,,,,,,,B004D268F2
163,Black Cottonwood, Carrot seed essential oil, Wild Rose Hip oil, Comfrey, Unrefined Organic Seabuckthorn oil, Horsetail, Stinging Nettle, Olive oil, Plantain, Siberian Cedar Needles and Cones oil, Siberian Cedar Nut oil, Milk Thistle seed.,,,,,,,,,,,,,,,,,,,,,,,,,,,,,,,,,,,,,,,,,,,,,,,,,,,,,B06XFJB1K1
164,Water (Aqua), Cetyl Alcohol, Glycerin, Dimethicone, Butyrospermum Parkii (Shea) Butter, Ceteareth-20, Aloe Barbadensis Leaf Juice, Retinol, Ferulic Acid, Camellia Sinensis Leaf Extract, Anthemis Nobilis Flower Extract, Pyrus Malus (Apple) Fruit Extract, Helianthus Annuus (Sunflower) Extract, Oryza Sativa (Rice) Bran Extract, Rosmarinus Officinalis (Rosemary) Leaf Extract, Tocopherol, Cetearyl Ethylhexanoate, Isopropyl Myristate, Cetearyl Phosphate, Polyglyceryl-2 Stearate, Synthetic Beeswax, Carbomer, Xanthan Gum, Disodium EDTA, Fragrance, Phenoxyethanol, Ethylhexylglycerin, Caprylyl Glycol, Hexylene Glycol, Sodium Hydroxide,,,,,,,,,,,,,,,,,,,,,,,,,,,,,,,,,,,B006QO76I8
165,WATER/AQUA/EAU, DICAPRYLYL CARBONATE, GLYCERIN, DIMETHICONE PEG-7 ISOSTEARATE, CAPRYLYL METHICONE, PEG-20 METHYL GLUCOSE SESQUISTEARATE, METHYL GLUCOSE SESQUISTEARATE, CETEARYL ALCOHOL, ETHYLHEXYL STEARATE, ALLYL METHACRYLATES CROSSPOLYMER, HYDROXYETHYL ACRYLATE/SODIUM ACRYLOYLDIMETHYL TAURATE COPOLYMER, SQUALANE, TETRAHEXYLDECYL ASCORBATE, RETINOL, POLYSORBATE 20, TOCOPHERYL ACETATE, AMMONIUM ACRYLOYLDIMETHYLTAURATE/VP COPOLYMER, POLYSORBATE 60, GALACTOARABINAN, XANTHAN GUM, GLYCERYL CAPRYLATE, DISODIUM EDTA, BHT, PROPYL GALLATE, CAPRYLYL GLYCOL, PHENYLPROPANOL, FRAGRANCE (PARFUM).,,,,,,,,,,,,,,,,,,,,,,,,,,,,,,,,,,,,,,B01MSBL7L1
166,Deionized Water, Glycerin, Aloe Barbadensis Leaf Juice, Sodium Hyaluronate, Phospholipids, Retinol, Leuconostoc/Radish Root Ferment Filtrate, EDTA, Glyceryl Stearate Citrate, Sunflower Oil, Cetearyl Alcohol, Shea Butter, Hydrogenated Ethyl Hexyl Olivate, Hydrogenated Olive Oil Unsaponifiables, Stearic Acid, Rose Essential Water, Jojoba Oil, Phenoxyethanol, Caprylyl Glycol, Sorbic Acid, Xanthan Gum, Pentylene Glycol, Tocopherol Acetate, Panthenol, Sodium Ascorbyl Phosphate, Sodium Hydroxide,,,,,,,,,,,,,,,,,,,,,,,,,,,,,,,,,,,,,,,B01FMQSUWG
167,Water, Cyclopentasiloxane, PEG/PPG-18/18 Dimethicone, Cetyl Ethylhexanoate, Alcohol, Dipropylene Glycol, Dimethicone, Cyclomethicone, Butylene Glycol, 1,2-Hexanediol, Sodium Hyaluronate, Glycerin, Pentylene Glycol, Collagen Extract, Beta-Glucan, Hamamelis Virginiana (Witch Hazel) Extract, Aloe Barbadensis Leaf Extract , Allantoin, Sodium Chloride, Panthenol, Tocopheryl Acetate, Galactomyces Ferment Filtrate, Bifida Ferment Lysate, Panax Ginseng Root, Platycodon Grandiflorum Root Extract, Angelica Gigas Root Extract, Cirsium (Thistle) Flower/Leaf/Stem Extract, Sophora Angustifolia Root Extract , Houttuynia Cordata Extract, Lonicera Japonica (Honeysuckle) Flower Extract, Artemisia Capillaris Leaf Extract, Paeonia Suffruticosa Bark Extract, Taraxacum Officinale (Dandelion) Rhizome/Root Extract, Castanea Crenata (Chestnut) Shell Extract, Acanthopanax Sessiliflorum Bark Extract, Citrus Limon (Lemon) Fruit Oil, Citrus Aurantium Dulcis (Orange) Oil, Lavandula Angustifolia (Lavender) Oil,,,,,,,,,,,,,,,,,,,,,,,,,,B01NA7CKPS
168,When it comes to your skin-care routine, it's easy to get frustrated or confused as we don't often know if a particular product interacts positively or negatively with other brands or if it's been specifically designed for your skin type without the risk of irritating it.,,,,,,,,,,,,,,,,,,,,,,,,,,,,,,,,,,,,,,,,,,,,,,,,,,,,,,,,,,,,,,,B073M6PM2N
